ingredients,recipe_urls,recipe_name
(A Govt. of West Bengal Enterprises) Handloom Cotton Ethnic Wear For Women's-011H8B9699/BB 12 Black,0.jpeg,saree tantuja bengal handloom
Women's Silk Saree With Blouse Piece,1.jpeg,saree trilok fab
Women's Georgette Net Embroidered Saree with Blouse Piece (Black),2.jpeg,saree nine sister
Women's Crepe Saree with Blouse (GLE$CHICKOO CHECKS_Multicolored),3.jpeg,saree gauri laxmi enterprise
Women's Cotton Blend Digital Butta Printed Saree with Blouse Piece,4.jpeg,saree sourbh
Women's Silk Saree With Unstiched Blouse Piece (Niza Fashion_Pink),5.jpeg,saree niza fashion
Women's Soft Banarasi Silk Saree With Rich Pallu & Jacquard Zari Work On All Over The Saree With Blouse-Yellow,6.jpeg,saree serraw
Women's Banarasi Silk sarees with blouse piece (SUNROSE-BLUE) BLUE,7.jpeg,saree nakshatra tex
Geeta Handicrafts Women's Ikat Hand Block Print Jaipuri Cotton Mulmul Saree with Blouse Piece - Orange,8.jpeg,saree generic
Women's Khadi Cotton Saree With Blouse Piece (A43 YELLOW _Yellow),9.jpeg,saree rajeshwar fashion with rf
Better Buy Women's Green and Pink Color Banarasi Silk Saree,10.jpeg,saree betterbuy
Women's Georgette Sequence Saree with Blouse Piece (White),11.jpeg,saree fashion eye
Women's Plain Weave Cotton Saree With Blouse Piece (AURA SAREE PISTA-AK_Pista Green),12.jpeg,saree aika
Women's Kasavu Cotton Saree with Blouse Piece (KKA00621_White),13.jpeg,saree generic
Women's Blue Color Cotton Silk Checkered Saree With Blouse Piece (FOLK BLUE_Free Size),14.jpeg,saree anni designer
Women's Striped Zari Woven Linen Silk Saree with Tassels (5 COLORS),15.jpeg,saree nk textiles
Women's Georgette Printed Saree with Blouse,16.jpeg,saree siril
Checkered Fashion Art Silk Saree,17.jpeg,saree divya kamal
Silk Saree with Blouse Piece,18.jpeg,saree gosriki
"Contrast Summer Cotton Saree w/o BP, Anarkali, Green",19.jpeg,saree kt
Georgette with Blouse Piece Saree (Pack of 2) (Combo_1152_1_1287_Multi_One Size),20.jpeg,saree kashvi sarees
"Women's Polyester Georgette Printed Chiffon Saree with Blouse Piece (Empress1019, Rolex3109, Yellow and Pink, One Size)",21.jpeg,saree vaamsi
"Striped Dharmavaram Cotton Silk Saree (Magenta, Beige) With Matching Blouse Piece",22.jpeg,saree silknest
Khadi Organza Silk With Heavy Embrodery Work Bollywood Styel Women Fancy Blue Sarees,23.jpeg,saree rosebud
Women's & Girl's Chanderi Chanderi Saree With Blouse Piece,24.jpeg,saree krishna fashion
Women's Art Silk Saree With Blouse Piece(Free Size),25.jpeg,saree dhruvi trendz
Fashdeal Womens Chanderi Cotton Silk Sarees With Blouse Piece(MonicaVariant),26.jpeg,saree generic
georgette with blouse piece Saree (FD-SR-10105_ Grey_ Free Size),27.jpeg,saree fab dadu
Womens Royal Blue Net Butterfly Embroidery Saree With Unstitched Lace Blouse Piece.,28.jpeg,saree karmi
Banarasi Silk Sarees For Women Cotton Silk With Blouse Piece,29.jpeg,saree mahant fashion
Meldi Enterprises Diamond Sarees,30.jpeg,saree shree
Embroidered Fashion Cotton Blend Saree,31.jpeg,saree v and v shop
Women Saree,32.jpeg,saree anni designer
Women's Georgette Solid Frill Ruffle Saree With Blouse Piece,33.jpeg,saree bermondsey
Georgette Saree with Blouse Piece - Pack of 2,34.jpeg,saree anand sarees
Women's Jacquard Net Saree With Unstiched Blouse Piece,35.jpeg,saree sretan
Women's Cotton Saree With Blouse Piece,36.jpeg,saree usk
with blouse piece Saree (Nityanta FWomen`s Banglori satin semi s_ Pink_ Free Size),37.jpeg,saree nityanta fab
silk with blouse piece Saree,38.jpeg,saree anni designer
Women's Soft Linen Saree (LAX51_main_01 ; Light Orange),39.jpeg,saree sahajanand
Wedding chiffon saree Banarasi Silk Style light weight saree With Blouse (4386-2139-BA-1-GLD-RBLU),40.jpeg,saree mimosa
Women Saree,41.jpeg,saree nena fashion
"Women'S Poly Cotton Dyed, Plain, Jari Border Saree With Blouse Piece",42.jpeg,saree satrani
Women's Georgette Floral Printed Saree,43.jpeg,saree blissta
Art Silk Saree with Blouse Piece,44.jpeg,saree anni designer
Women's Cotton Embroidery Saree With Blouse Piece,45.jpeg,saree aika
"Poly Silk, Banarasi Saree with Un-stitched Blouse Piece - Wrinklefree Fabric for Work Wear - Powerloom made Traditional Banarasi Sari for Women",46.jpeg,saree pavecha's
Women's Georgette Printed Saree with Blouse Piece,47.jpeg,saree dealsure
"Women's Jamdani Cotton Saree (258-SDEW-89J2, White, Red)",48.jpeg,saree generic
Handloom Fabrics Women's Linen Slub Saree With Contrast Blouse Piece,49.jpeg,saree handloom fabric
nx Wool Half Sleeve Saree Blouse in 9 Colors Warm Winter Woollen Sweater for Women,50.jpeg,saree romano
Silk Saree with Blouse Piece,51.jpeg,saree satrani
Women's Maheshwari Cotton Silk Saree with Blouse Piece (Multicolour),52.jpeg,saree kanchan
"SKiran's Women's Net Saree With Blouse Piece, Unstitched Mekhela & Chador (5101_Multicolored)",53.jpeg,saree s kiran's
Women's Pure Cotton Printed Saree with Blouse Piece (SKR5415_Brown),54.jpeg,saree rani saahiba
"PURE CHIFFON SAREE WITH SHIMMER BLOUS PICE (BBC185B, GREEN,FREE SIZE)",55.jpeg,saree pemal designer
"soft silk Gadwal all over the plain, pallu zari work Traditional Saree for Women with running blouse piece (sg1411_muted pink/blue)",56.jpeg,saree pal bastralaya
Women's Khadi Saree with Blouse (PINK-1133-2019-KHADI_Pink),57.jpeg,saree winza designer
Mangalagiri Saree with Unstitched Blouse Piece - Graphic Design in Poly-Cotton Fabric with Thick Border for Women (Style_MK4894),58.jpeg,saree pavecha's
Women's Bhagalpuri Linen Saree With Blouse Piece (CSZCP34_Parrot Green,59.jpeg,saree mj silks
Woven Kanjivaram Poly Chanderi Saree,60.jpeg,saree pisara
Women's Bandhani Cotton Blend Saree With Blouse Piece,61.jpeg,saree sourbh
Women's Kanchipuram Silk Saree With Unstiched Blouse Piece (201-HEHT-MRN_Off-White),62.jpeg,saree mimosa
women's ethnic wear banarasi cotton silk jacquard saree. (Sonalika),63.jpeg,saree satyam weaves
"Women's Linen Saree with Blouse Piece (STB16LIN, Beige)",64.jpeg,saree miraan
Women's Art Silk Saree With Blouse Piece,65.jpeg,saree sourbh
Women's Cotton Silk Silver Jacquard Banarasi Saree With Blouse Piece,66.jpeg,saree satrani
Women Saree,67.jpeg,saree yashika
Womens Cotton Silk pure Khan saree With Unstitched blouse piece (coffee color),68.jpeg,saree shree datta guru saree
Women Saree,69.jpeg,saree yashika
Net Fabric Embroidery Work Lace border with stone work saree,70.jpeg,saree refof export
Lenixa Enterprise kanchipuram silk saree with yellow blouse (yellow),71.jpeg,saree generic
Women's Polyester Multi Print Premium Italian Silk Crepe for Showroom Saree with Blouse (Orange; 1016_21),72.jpeg,saree uniform sarees corp
Women's Satin Plain Saree with Brocade Blouse Piece (Free Size),73.jpeg,saree taksh
Women's Embroidered Tant Tangail Bengali Cotton Saree Red Green,74.jpeg,saree avik creations
silk with Blouse Piece Saree (Prntd_Bhglpri03_ Multicolor_ 5.5 Meters),75.jpeg,saree svb sarees
Women's Banarasi Soft Lichi Silk Saree With Blouse Piece,76.jpeg,saree drg
Anni Designer Women's Chiffon Handcrafted Traditional Bandhani Saree,77.jpeg,saree anni designer
Mysore Silk Printed Sarees For Women With Blouse Piece (In 8 Colors Available)(WEDDING CHEKRI_Free Size),78.jpeg,saree anni designer
Women's Silk Embroidery Work Saree with Blouse Piece (Pal Pink),79.jpeg,saree lacossi
"Shubham Fashion Women's Ethnic Leheriya Rajasthani Saree with Blouse (Striangp, Pink)",80.jpeg,saree generic
Mangalagiri Polycotton Saree-MK4131 (Brown),81.jpeg,saree pavecha's
Women's Net Sarees With Blouse,82.jpeg,saree avantika fashion
Art Silk Saree with Blouse Piece,83.jpeg,saree satrani
"Embellished, Embroidered Bollywood Silk Blend Saree",84.jpeg,saree niza fashion
Georgette with Blouse Piece Saree (Pack of 3) (Trio_1080_1107_1_1164_2_Multi_One Size),85.jpeg,saree kashvi sarees
Women's Saree Shapewear with Drawstring,86.jpeg,saree clovia
Women Saree,87.jpeg,saree anni designer
Soft Cotton & Silk Saree For Women Half Sarees Under 299 2020 Beautiful For Women saree free size with blouse piece,88.jpeg,saree nirmla fashion
Women's Georgette Printed Woven Saree with Blouse Piece (Light Pink),89.jpeg,saree parishkaar tex
Printed Art Silk Saree,90.jpeg,saree runaya nx
Women's Cotton Silk Saree with Unstitched Blouse Piece (Lichi),91.jpeg,saree perfectblue
Mahi E-Commerce Women's Pitch Color Georgette Stone Work Saree With Blouse,92.jpeg,saree generic
Women Saree,93.jpeg,saree gosriki
Women's Banarasi Silk Blend Saree With Blouse Piece,94.jpeg,saree sugathari
Women's Sambalpuri Handloom Cotton Saree Odisha with blouse*,95.jpeg,saree bhs
Women's Assamese Weaving Art Khadi Silk Mekhela Chador Saree (Cream and Multicolor),96.jpeg,saree s kiran's
Women's Purple Color Cotton Silk with Blouse Piece Saree (RC-MONIKA_ 1129-P_Free Size),97.jpeg,saree anni designer
Women's Art Silk Saree With Blouse Piece,98.jpeg,saree unico tex
Women's Pure Cotton Printed Saree Without Blouse(YELLOW),99.jpeg,saree gosriki
"Women's Hand Block Kalamkari Bagru Jaipuri Ikat Pure Handloom Cotton Mulmul Traditional Ethnic Cotton Sarees With Pompom Tassels Printed Blouse Piece (Red,White,Multicolored)",100.jpeg,saree sanganeri block print
Arriva Fab georgette with Blouse Piece Saree,101.jpeg,saree arriva fab
Women's Kanchipuram Net Saree With Blouse Piece (SUNS2728_1_New_Sky Blue) (Sky Blue) (Sky blue) (Sky blue) (Sky blue) (Sky blue),102.jpeg,saree i-brand
Women's Jacquard Polyester Saree With Unstitched Blouse Piece,103.jpeg,saree madhusri belguan slik sarees
georgette Saree,104.jpeg,saree anni designer
"Striped, Woven Handloom Cotton Blend, Poly Silk Saree",105.jpeg,saree saara
Full Uppada Cotton by Tissue Silver Saree,106.jpeg,saree generic
"Pure Cotton Venkatagiri Saree (Solid Print), with Un-stitched Blouse Piece - Pure Cotton Fabric with Zari Border for Casual Wear (Style_MK4813)",107.jpeg,saree pavecha's
Women's Multi Color Art Silk Saree With Blouse Piece Pack of 3 (AGMANCH COMBO THREE_3_Free Size),108.jpeg,saree anni designer
Women's Jute Silk Saree With Blouse (SNAIL),109.jpeg,saree winza designer
Women's Creta Malai Saree With Blouse Piece,110.jpeg,saree naitri creation
Women's georgette with blouse piece Kurta (Kurtas321_ Rani_ 6 Meter),111.jpeg,saree kuber industries
New Premium Banarasi Woven Art Silk Saree For Women And Girls(PARI-20).,112.jpeg,saree klara
Readymade Girls Silk Bengali White Saree with Red Border,113.jpeg,saree savi & dev
Embroidered Fashion Poly Georgette Saree,114.jpeg,saree fabpandora
Women's Linen Saree With Blouse Piece (LinenMVRVariation1),115.jpeg,saree perfectblue
ABHI D DESIGN woman's brasso net jacquard moti work saree with blouse,116.jpeg,saree add
Women's Olive Green Poly Crepe Crop Top And Dhoti With Attached Dupatta,117.jpeg,saree janasya
Handloom Fabrics Women's Attractive TUSSAR MUNGA SILK SAREE Running BLOUSE Piece,118.jpeg,saree handloom fabric
Soft silk Saree with Running Blouse,119.jpeg,saree pandadi saree
Women's Cotton Silk Saree with Blouse Piece,120.jpeg,saree luxowear
Women's Handloom Checkered Cotton Saree with Running Blouse Piece,121.jpeg,saree exonic
Women's Kanchipuram Pattu Sarees With Blouse Piece (D51_green_red),122.jpeg,saree c j enterprise
Women's banglori malai ruffle Sarees With Blouse,123.jpeg,saree buyzone
"Women's Stitched Readymade Tissue blouse with beads, Golden color",124.jpeg,saree jisb
Saree With Blouse Piece,125.jpeg,saree arkee designer
Women Kanjivaram Soft Silk Saree With Blouse Piece (Purple),126.jpeg,saree sgf11
Women's Woven Kanjivaram Cotton Blend Saree with Blouse Piece (Dark Green),127.jpeg,saree jaam silk fashion
"Women's Chinon Silk Heavy Jari Embroidery Work Saree (Riva 229, Sky Blue)",128.jpeg,saree reeva trendz
Women's Banarasi Art Silk Saree With Blouse Piece,129.jpeg,saree vardha
Womens Sarees Heavy Organza Silk With Digital Print With Heavy Embrodery Work Benglory Satin Silk Blouse,130.jpeg,saree royal style
Women's Banarasi Silk Sadi with Unstitched Blouse Piece (AURA GOLDEN BORDER RED_Red),131.jpeg,saree xaya
Women's Banarasi Satin Saree With Blouse Piece,132.jpeg,saree vivanfab
Women's Cotton Saree without Blouse Piece (AFWC-001_Red),133.jpeg,saree generic
Women's Kanchipuram Crepe Saree With Unstitched Blouse Piece (4223-2168-SD-MEJ_Purple),134.jpeg,saree mimosa
Women's Tussar Silk Plain Traditional Saree With Blouse Piece,135.jpeg,saree rajnandini
Women's Cotton Silk Saree with Blouse Piece,136.jpeg,saree rajeshwar fashion with rf
Women's Plain Border Polycotton CotFeel Factory Uniform Saree With Blouse,137.jpeg,saree uniform sarees corp
Women's Jaal Pure Silk Saree With Unstitched Blouse Piece (SF 1007_Rama Green),138.jpeg,saree generic
Polka Print Daily Wear Georgette Saree,139.jpeg,saree anand
Banarasi Kanjivaram Silk Sari With Blouse,140.jpeg,saree anjaneya sarees
Yellow Art Silk Printed Saree,141.jpeg,saree ksut
Women's Uppada Cotton Tissue Saree With Separate Blouse Piece,142.jpeg,saree red cloud
Women's Bhagalpuri Silk Saree With Blouse Piece (Green_Free size),143.jpeg,saree applecreation
Women's Banarasi Silk Saree With Blouse Piece Opara Silk Sarees In Purple Baluchari Pattern,144.jpeg,saree aishwarya sarees
Checkered Mangalagiri Art Silk Saree,145.jpeg,saree aagam fashion
Women's Jacquard Linen Saree With Unstitched Blouse Piece (MN681_Yellow),146.jpeg,saree manohari
Maroon Silk Blend Woven Banarasi Saree For Women (Pari 6 Maroon),147.jpeg,saree sugathari
Art Silk Saree with Blouse Piece,148.jpeg,saree satrani
georgette with Blouse Piece Saree,149.jpeg,saree anand sarees
New Premium Banarasi Woven Art Silk Saree For Women And Girls(Pari-21).,150.jpeg,saree klara
Blended Silk Soft Material Saree With Heavy Blouse for Upcoming Festival Season for All Women,151.jpeg,saree snowin
Women's kanchipuram Silk Saree With Blouse Piece,152.jpeg,saree varni fab
"Women's Hand Block Kalamkari Batik Bagru Jaipuri Ikat Printed Hand loom Pure Cotton Mulmul Traditional Ethnic Cotton Sarees With Printed Blouse Piece (Orange,White)",153.jpeg,saree sanganeri block print
Georgette with Blouse Piece Saree (Pack of 2) (Combo_AS_1108_4_1190_1_Multicoloured_One Size),154.jpeg,saree anand sarees
Women Saree,155.jpeg,saree anni designer
Women's Maheshwari Synthetic One Minute Saree Ready to Wear with Ready Blouse ( Blue ),156.jpeg,saree surat sarees world
Women's Pink Color Cotton Silk Blend Gold Stripes Line Saree With Blouse Piece(BAJAJ PINK_Free Size),157.jpeg,saree anni designer
Ethnic Wear Lace Pattern Satin Blend Baby Saree with Blouse Piece,158.jpeg,saree pramukh suppliers
Embroidered Fashion Poly Silk Saree,159.jpeg,saree rudra fashion
"Self Design, Woven Kanjivaram Art Silk, Silk Blend Saree",160.jpeg,saree fashion ritmo
Y&D Creation Women's Pure Mercerised Cotton Silk Saree (Cream),161.jpeg,saree generic
Women's Banarasi Cotton Silk Saree,162.jpeg,saree satyam weaves
Asthlaxmi Creations Women cotton mulmul saree traditional Jaipuri hand block print With unstitched blouse,163.jpeg,saree generic
Women's Banarasi Jacquard Lichi Silk Saree with Blouse Piece,164.jpeg,saree at vaghasiya
"Pandadi Saree Women's Jute Silk Banarasi Saree with Blouse Piece (220PS, Black)",165.jpeg,saree generic
Woman's poly silk jacquard border saree with Common black blouse pices,166.jpeg,saree add
Womens Bollywood Style Heavy Georgette Sarees With Full Hevay Sequnce Work,167.jpeg,saree royal style
Women's Half Half Ruffle Laycra Saree With Blouse,168.jpeg,saree dubai creation
Women Cotton Silk Banarasi Saree,169.jpeg,saree nirja creation
Fashion Soft Silk Designer Saree For Women (Red & Blue),170.jpeg,saree kg
Printed Bandhani Chiffon Saree,171.jpeg,saree lime
Women's Bhagalpuri Linen Saree With Unstiched Blouse Piece (TISSUE14_Pink & Paroot Green),172.jpeg,saree silk city shg
Jaipuri Rajasthani Flower Women's Chiffon Saree Without Blouse,173.jpeg,saree generic
women's Cotton Silk Blend Checked Woven combo of 2 saree with blouse piece (G-ISWR-CHECKS-TURQ_Threed-Black-Combo),174.jpeg,saree gorgone
Womens Printed Georgette Saree With Blouse Piece,175.jpeg,saree reboot fashions
Women Cotton Silk Saree With Blouse Piece,176.jpeg,saree leeza store
Women's Hand Block Printed Cotton mulmul Saree pompom less with Blouse Piece (MULTICOLOUR),177.jpeg,saree inaya
Women Plain Weave Net Saree With Blouse Piece,178.jpeg,saree haviya
Anni Designer Women's Rama Color Banarasi Silk¬†Saree,179.jpeg,saree anni designer
Women's Georgette Pearl Work Saree-1,180.jpeg,saree apnisha
Brasso Women's Saree New Trending Saree With Blouse Piece With Lehariya (MADE IN INDIA),181.jpeg,saree rich king
Printed Daily Wear Georgette Saree,182.jpeg,saree leelavati
Kabir Fabrics Women's almaari Kanchipuram Silk kannchi Pattu Saree with Blouse (blue colour),183.jpeg,saree generic
synthetic with Blouse Piece Saree (1881_D_ Blue_ 5.5 meters),184.jpeg,saree being banarasi
Polka Print Daily Wear Georgette Saree,185.jpeg,saree anand
Banarasi Silk Saree | Women's Fancy Saree | Silk Saree With Silk Blouse Women's Saree (Parent-ty-504_Green_Free Size),186.jpeg,saree parin
Women's Woven Pure Cotton Saree With Unstiched Blouse Piece,187.jpeg,saree face deal
(A Govt. of West Bengal Enterprises) Women's Woven Cotton Shantipur Handloom Saree -Green,188.jpeg,saree tantuja bengal handloom
Women's & Girl's Mysore Silk Silk Saree With Blouse Piece (Lyrn-Saree45 _Maroon),189.jpeg,saree lyrn fashion
Women's Jamdani Cotton Silk Saree With Running Blouse (B077GTW9L9_Green),190.jpeg,saree t.j. sarees
cotton with blouse piece Saree,191.jpeg,saree jevi prints
Women's Art Silk Printed Sarees Combo Pack of 2,192.jpeg,saree siril
New Georgette Digital Print Beautiful Saree With Beglory Satin Unstitched Blouse Latest 2021 (SKY BLUE),193.jpeg,saree webbuy
Women's Plain weave Georgette Saree With Running Blouse Piece,194.jpeg,saree muktidata
Women's Banarasi Silk Blend Saree With Un-Stitched Blouse Piece,195.jpeg,saree sugathari
Chiffon Saree with Blouse Piece,196.jpeg,saree winza designer
Women's 3-Line Plastic Mirror Lace Border Work Saree with Contrast Blouse Piece,197.jpeg,saree sourbh
Malai Silk Kasuti/karnataka kashida Saree with Blouse piece for women,198.jpeg,saree vastra parampara
Women's Soft Cotton Silk Solid Saree With Blouse Piece Material,199.jpeg,saree dhruvi trendz
Women's Khadi Cotton Printed Saree(49139_Black),200.jpeg,saree venisa
Woman Mysure Silk Saree (Vic-3082-Satya),201.jpeg,saree rv online mall
Women's Silk And Net Half Half Saree With Blouse,202.jpeg,saree vinayak textile
Chiffon Embroidered Saree with Blouse,203.jpeg,saree manohari
Printed Fashion Cotton Jute Blend Saree,204.jpeg,saree bhuwal fashion
"Self Design, Embellished Daily Wear Chiffon Saree",205.jpeg,saree ashvmegh
Manjula's women ethnic wear banarasi cotton silk saree. (MAYURII),206.jpeg,saree manjula saree
SKiran's Assamese Weaving Cotton Mekhela Chador Saree - Dn 6134 Mekhla Sador (Firozi & Rani),207.jpeg,saree s kiran's
Women's Brasso Saree With Blouse Piece,208.jpeg,saree akhilam
Saree For Women Half Sarees Under 299 2019 Beautiful For Women saree free size with blouse piece,209.jpeg,saree j b fashion
Women's Pure Linen Saree with Blouse Piece (Grey),210.jpeg,saree haider ali and sons
Women's Plain Weave Pure Cotton Saree With Blouse (CT-MUL-PCN-60_Multi),211.jpeg,saree new age
"Women's Plain Weave Hand Printed Cotton Handloom Saree with Pom Pom Lace and Blouse Piece 112 (AS113 , Multicolour )",212.jpeg,saree shivanya handicrafts
Women's Chanderi Silk & Cotton Blend Sarees Combo Pack of 2,213.jpeg,saree siril
Women's Kanjivaram Art Silk Blend Paithani Jacquard Saree With Blouse Piece (MultiColor_Double_Mor),214.jpeg,saree firstrack enterprise
Ethnic Wear Lace Pattern Butterfly Print Baby Girls Saree with Blouse Piece - Musterd and Red,215.jpeg,saree anirban
Women's Woven Net Saree With Unstitched Blouse Piece (DEC261203_Black),216.jpeg,saree jaipuri fashion
Women's Charcoal Chiffon Saree With Blouse Piece (GA1018792),217.jpeg,saree the chennai shopping mall
"Printed Malmal Cotton Saree With Blouse Piece (SA111, MultiColour)",218.jpeg,saree golden buta
"Woven, Printed, Embroidered Bollywood Vichitra Saree",219.jpeg,saree krishna r fashion
synthetic with blouse piece Saree (1795_A2_ Pink_ 5.5 meters),220.jpeg,saree being banarasi
Women's Khadi Cotton Assamese Weaving Mekhela Checks Chador Saree with Blouse Piece (Beige),221.jpeg,saree s kiran's
Women's Kanchipuram Silk Saree With Blouse Piece (Ikat_Gola1_Multicolored),222.jpeg,saree trendy store
Women's Tant Pure Cotton Saree With Unstiched Blouse Piece (SR-PS-RY-2020_Red),223.jpeg,saree studio curate
Women's Saree with blouse piece,224.jpeg,saree kashvi saree
Weavers Creation Pure 100% Cotton Handloom Traditional Sari Bengal Regular Wear Festive Handloom Party Gift Tant Saree Women's Wear,225.jpeg,saree handloom saree
Embellished Kanjivaram Cotton Silk Saree,226.jpeg,saree perfect wear
Green Pure Cotton Checked Mysore Silk Saree,227.jpeg,saree unnati silks
Women's Georgette Saree With Blouse,228.jpeg,saree aldwych
Women's Plain Weave Cotton Blend Saree With Blouse Piece,229.jpeg,saree generic
SKiran's Assamese Weaving Cotton Mekhela Chador Saree - Dn 3001 Mekhla Sador (Peach & Blue),230.jpeg,saree s kiran's
Women's Dharmavaram Cotton Silk Saree With Unstitched Blouse Piece,231.jpeg,saree vivan trendz
Women's Kerala Kasavu Saree,232.jpeg,saree nilkanth knitting
Women's Banarasi Art Silk Saree with Blouse (White with Gold),233.jpeg,saree lensta
The Boutique House - Soft malmal cotton sarees with zari checks with embroidery Work - Kota Doria cotton saree - Kota Doria Lehanga - Salwar suits - Ethnic Wear - Pattern 3,234.jpeg,saree generic
Fabrics Women's shubh kanchivaram silk kanchi Pattu Saree with Blouse (light sky colour),235.jpeg,saree sukanya
Women's Baluchari Opara Silk Saree In Red Colour With Blouse Piece,236.jpeg,saree aishwarya sarees
Women's Banarasi Silk Saree With Blouse Piece.,237.jpeg,saree vbuyz
Women's Georgette Printed Saree with Blouse piece,238.jpeg,saree winza designer
"Women's Art Silk Saree with Blouse (GLE TS-2, Yellow)",239.jpeg,saree gauri laxmi enterprise
Women Saree,240.jpeg,saree ethnicjuntion
Women's Banarasi Cotton Silk Saree With Blouse Piece,241.jpeg,saree mijh
Striped Dharmavaram Cotton Silk Saree,242.jpeg,saree villagius
Georgette Saree with Blouse Piece,243.jpeg,saree ishin
"Women's Manipuri Silk Floral and Geometric Digital Printed Saree with Blouse Piece (Brown, 2SKSHI6209)",244.jpeg,saree akhilam
Women's Khadi Silk Texture Printed Saree with Blouse Piece (18082-Blue-Free Size),245.jpeg,saree sourbh
"Women Crepe Silk Printed Saree With Blouse Piece (BANPLUS803, Beige)",246.jpeg,saree miraan
Women's Chiffon Plain Weave Saree with Blouse Piece (Orange),247.jpeg,saree foliarry
Women's linen slub Sarees with blouse piece AHNSBG4 (SKY BLUE),248.jpeg,saree anaya handloom
Women's Chex Vichitra Silk Half and Half Saree With Blouse Piece,249.jpeg,saree market magic world
Women's Poly Cotton Foiled Kanjivaram Saree with Blouse,250.jpeg,saree siril
A Govt. of West Bengal Enterprises Women's Woven Shantipur Handloom Cotton Saree (White),251.jpeg,saree tantuja bengal handloom
"Women's Cotton Silk Jacquard Saree with Blouse Piece,Free Size",252.jpeg,saree sapta shakti
Kanjivaram Style Art Silk Saree Color : Orange (4173-330-2D-PCH-MEJ),253.jpeg,saree mimosa
red Color Sana Silk Saree With Red Color Brocad Unstitched Blouse Piec,254.jpeg,saree women choice
Woman's Bengal Handloom all over the fish work beautifully design Traditional Saree With Blouse(bh1831_orange),255.jpeg,saree pal bastralaya
Women's Organza Saree With Unstiched Blouse Piece (SKU id- MK 26_Purple),256.jpeg,saree mk
Women's Japan Silk Saree with Digital Print Blouse (Green),257.jpeg,saree bhimashankar
Women's Plain Weave Cotton Saree With Unstitched Blouse Piece (CT-MUL-PCN-90_Maroon),258.jpeg,saree new age
Women's Satin Silk Plain Saree With Jacquard Matka Print Blouse,259.jpeg,saree bandidhari fashion
women's linen soft cotton silver border saree with jacquard blouse for daily use,260.jpeg,saree ditya fashion
pure cotton ikat sambalpuri handwoven white with pink haico saree for women,261.jpeg,saree odisha handloom
Women's Jacquard Banarasi Silk Dupatta,262.jpeg,saree kashvi sarees
Women's Chiffon Saree with Blouse (cutwrk blue),263.jpeg,saree winza designer
Women Bhagalpuri Rayon Saree With Blouse Piece (CSZ01_Blue),264.jpeg,saree india silk pwcs ltd
Cotton Saree with Blouse Piece,265.jpeg,saree anni designer
Khadija's Banarasi Kora Orgenza Muslin Semi Silver Zari Tanchoi Booti Saree for Women's with beautiful brocade blouses Pies.,266.jpeg,saree generic
"Solid Daily Wear Cotton Silk, Poly Silk Saree",267.jpeg,saree shivay fashion
Litchy Silk Saree With Blouse Piece,268.jpeg,saree arriva fab
Ilkal Khun Pure Cotton Silk Saree with Nath Work,269.jpeg,saree ambica
Women's Crepe with Blouse Piece 7510 Sarees (FSP770_Brown & Musatrd_OneSize),270.jpeg,saree womanista
Tant Jamdani Handloom Pure Cotton Saees for Women (Black),271.jpeg,saree t.j. sarees
Women's Kanchipuram Art Silk Saree With Blouse,272.jpeg,saree sri tulasi silks
"Women's Pure Cotton Venkatagiri Temple Border Saree (MK4227, Red)",273.jpeg,saree pavecha's
Women Faux Georgette Printed Mutlicolor Saree/Sari (Combo of 3_ Free Size),274.jpeg,saree ishin
Geeta Handicrafts Women's Ikat Hand Block Print Jaipuri Cotton Mulmul Saree with Blouse Piece - Green,275.jpeg,saree generic
Woven Mooga Art Silk Saree,276.jpeg,saree janvisales
Women's Bollywood Net ButterFly Saree Heavy Embrodery Work Saree shapewear With Blouse (Firoji And Pink),277.jpeg,saree hutah
Art Silk Saree with Blouse Piece,278.jpeg,saree satrani
Multicolor Malgudi Art Silk Uniform Saree with Blouse (2113_Free Size),279.jpeg,saree vimla *
Women's Cut Work Skirt Silk Saree (Blue),280.jpeg,saree tredilla clothing
"Woven, Embroidered Kanjivaram Art Silk, Cotton Silk Saree",281.jpeg,saree rola trendz
Women's Bandhej Synthetic Saree With Blouse Piece,282.jpeg,saree rajasthani bandej
Women's Cotton Blend Saree With Unstitched Blouse Piece (ishita parrot green_Olive Green),283.jpeg,saree nplash fashion
Women's Organza Silk with Heavy Kashmiri Embroidery Saree with Blouse Piece (Turquoise),284.jpeg,saree sumshy
Women's Pink Banarasi Katan Silk Bordered Saree with Blouse piece (HVNS33),285.jpeg,saree humairah
"Printed, Self Design, Embellished, Animal Print Fashion Cotton Blend, Khadi Silk Saree",286.jpeg,saree divastri
Soft Lycra saree Prettified with Foilage Print and Stone_Patch Border Work,287.jpeg,saree digitofab
Silk with Blouse Piece Saree,288.jpeg,saree ethnicjunction
Women's Cotton Banarasi Saree with Blouse Piece (Silver and Peach),289.jpeg,saree asavari
Women's Kasavu Tissue Cotton Saree With Blouse (TJT01396_Off White),290.jpeg,saree jisb
Women's Cotton Sare with Blouse Piece,291.jpeg,saree perfectblue
Women's net with Blouse Piece 7510 Sarees (FS9928_ Pink_ Onesize),292.jpeg,saree womanista
Art Chiffon silk Wedding saree Kanjivarm Pattu style With Contrast Color: Gold (4263-2247-2D-GLD-RNI),293.jpeg,saree mimosa
Women's Pure Georgette Embroidered Bandhani Saree with Blouse Piece (White and Red),294.jpeg,saree vastranand
Solid Fashion Lycra Blend Saree,295.jpeg,saree begum collection
Women's Handmade Lucknowi Chikankari Faux Georgette Saree with Blouse A191789 Peach,296.jpeg,saree ada
Women's Multicolor Art Silk Saree With Blouse Pack of 2 (TS_CLUB_COMBO_45_Free Size),297.jpeg,saree anni designer
Women's Narayanpet Handloom Cotton Saree and blouse piece (UNM36818+Purple+Free Size),298.jpeg,saree unnati silks
Women's Banarasi Art Silk Pink Red Saree with Blouse Piece,299.jpeg,saree sneh
Women's Pure Cotton Printed Saree Without Blouse Piece,300.jpeg,saree rani saahiba
Shaily Blue Rajjo Net Printed Saree [SDHNA18042SSSR02],301.jpeg,saree shaily retails
Printed Fashion Cotton Jute Blend Saree,302.jpeg,saree keyu fashion
Women's Pure Linen Jute Cotton Handloom Blend Saree With Digital Printed Lace Border Work Saree With Printed Blouse Piece,303.jpeg,saree rajeshwar fashion with rf
Saree (Sarees under 300 sarees under 500 rupees latest saree sarees sarees centre women saree under 300 Chiffon saree),304.jpeg,saree parmeen fashion
Women's Woven Cotton Saree with Blouse Piece (011H68067/DT 04_Multicolored),305.jpeg,saree generic
women Digital Print Original Linen With Silver Jari Patta Saree with digital print running Blouse.,306.jpeg,saree ayaan textile
Women's Front Button Blouse,307.jpeg,saree soch
Women's Handloom Cotton Silk Saree(NVSR1001MehandiGreen_Mehandi Green),308.jpeg,saree women's cottage
Regolith Sarees Women's Banarasi Linen Saree With Blouse Piece,309.jpeg,saree regolith designer sarees
"Women's Pure Cotton Ikat Saree (Dulari-17, Multicolour, 5.5 Meters)",310.jpeg,saree dulari
DESIGNER WOMEN'S MATKA Japan PAPER Silk Shiny Saree With Jacquard Blouse,311.jpeg,saree the eight shop
Women's Vichitra Silk Saree,312.jpeg,saree vicharan
Women's Raw Silk Saree With Blouse Piece (rhytm1107a_Multicolored),313.jpeg,saree ajs
Women's Cotton Silk Saree (ATL93_main_02 ; Green),314.jpeg,saree sahajanand
Women's Georgette Art Silk Satin Patta Saree With Unstitched Blouse(RING ROAROOP RANG),315.jpeg,saree ambica
Women Pure Cotton Traditional Handloom Bengal Tant Saree Noyonchuri Design Without Blouse Piece (White Purple Green),316.jpeg,saree db desh bidesh
Women's Woven Cotton Saree with Blouse Piece (Blue),317.jpeg,saree morvi
Women's cotton Silk Saree With Blouse Piece (TempleVisvaVatiation),318.jpeg,saree perfectblue
Women's Bhagalpuri Synthetic Saree with Blouse Piece (GO_GOLD_Gold),319.jpeg,saree purvi fashion
Womens Net Butterfly Bollywood Saree,320.jpeg,saree shiv fashion
Thecrownlady Women's Poly Satin Digital Flower Printed Saree With Blouse (Multi Black),321.jpeg,saree generic
Women's Marble Chiffon Plain Saree with Blouse Piece,322.jpeg,saree prutha fashions
"Women's Georgette with Sequence Work Lace Border Saree (ULT__ER123164, Shaded Blue)",323.jpeg,saree ultimate ecommerce
"Embroidered Fashion Vichitra, Net Saree",324.jpeg,saree b bella creation
women's chanderi soft cotton chex saree with jacquard blouse,325.jpeg,saree ditya fashion
Art Silk with blouse piece Saree (KEY-PINK-FLEX_ Assorted-Color and Print May Vary_ Free Size),326.jpeg,saree gosriki
WOMEN'S PRINTED PURE COTTON MULMUL (MALMAL) SAREE WITH BLOUSE BY PRIYANKA SAREES,327.jpeg,saree harsukhi
Women Saree,328.jpeg,saree floral trendz
Cotton with Blouse Piece Saree,329.jpeg,saree jevi prints
Women saree,330.jpeg,saree evanta
Cotton Silk & Mysore Silk Sarees with Blouse Pieces with Pack of 2 Saree - Combo of 2 (Orange & Gold-Pink),331.jpeg,saree art decor sarees
Women's Paithani Pure Silk Saree (Purple),332.jpeg,saree aarrah
Women Saree,333.jpeg,saree yashika
Printed Georgette Saree (PC1141_Green_One Size),334.jpeg,saree vaamsi
SKiran's Assamese Art Cotton Silk Mekhela Chador Saree - D50 Mekhla Sador (White & Magenta),335.jpeg,saree s kiran's
Women's Bengal Soft Fine Cotton Molmol Prints Traditional White Saree(mp458_white /pale brown),336.jpeg,saree pal bastralaya
Women's Kanchipuram Tussar Silk Saree With Running Un-stitched Blouse (4564-2560-SD-BGRN_Green),337.jpeg,saree mimosa
Women's Bhagalpuri Foil Work Saree (Olive),338.jpeg,saree vipul
Women's Maroon 1 Piece Cotton Silk Handloom Pom Pom Saree,339.jpeg,saree umasaree
Women's Heavy Organza Woven Saree (6.3 meter long)(Yellow Color),340.jpeg,saree supujit
Women's Mysore Silk Crepe Saree With Unstitched Blouse Piece (1594_CR_Red),341.jpeg,saree vimla *
Women's Plain weave Cotton Saree,342.jpeg,saree bharatanatyam
MUKTIDATA Women Plain Weave Georgette Saree With Blouse Piece (1_Red),343.jpeg,saree muktidata
Women's Cotton Silk Saree (ATL244_main_01 ; Pink),344.jpeg,saree sahajanand
Linen with Blouse Piece Saree (GSKI14456_Green_Free),345.jpeg,saree aaghnya fashion
Ethnic Saree For Women's-G17G7T4001-GS50-N,346.jpeg,saree tantuja bengal handloom
Women's Dharmavaram Silk Blend Saree With Un-Stitched Blouse,347.jpeg,saree generic
"Women's Tant Cotton Saree Without Blouse Piece (DBNOYONCHURI2_White, Purple & Green)",348.jpeg,saree db desh bidesh
"Women's Plain Weave Cotton Saree with Blouse Piece (CT-MUL-PCN-94, Blue)",349.jpeg,saree new age
"Embroidered Fashion Art Silk, Wool Blend Saree",350.jpeg,saree riddhi enterprise
Women's Jacquard Art Silk Saree With Unstitched Blouse Piece,351.jpeg,saree firstrack enterprise
Women Saree,352.jpeg,saree yashika
Women's Banarasi Georgette Embroidered Saree with Blouse (Pink),353.jpeg,saree ank
Women raw silk Ethnic ware Saree For Women with Blouse Piece,354.jpeg,saree jimplei
pure cotton ikat sambalpuri handwoven OFF WHITE DOUBLE DHADI SMALL BB saree for women,355.jpeg,saree odisha handloom
Sachet Impex Kanjiwaram Silk Saree with Running Blouse Piece,356.jpeg,saree sachetimpex
"Maa Shipra Creation Handmade Women's Cotton Saree (Red, Sum TXT 105)",357.jpeg,saree generic
linen with Blouse Piece Saree (JOPLNB3047F_ black_ Free),358.jpeg,saree rajnandini
Women's Khes Cotton Saree With Blouse Piece (Khesh cotton gurjari printed saree_Bright Yellow & Cream),359.jpeg,saree usk
Mysore Silk Style crepe Saree Color : Navy Blue (4404-2455-2D-NVY-RNI),360.jpeg,saree mimosa
Women's Fancy Sequence Work Georgette Saree with Blouse Piece,361.jpeg,saree rkbk lifestyle
Women's Banarasi silk saree,362.jpeg,saree pd fashion
Saree For Women Party Wear Half Sarees Offer Designer Below 500 Rupees Latest Design Under 300 Combo Art Silk New Collection 2021 In Latest With Designer Blouse Beautiful For Women Party Wear Sadi Offer Sarees Collection Kanchipuram Bollywood Bhagalpuri Embroidered Free Size Georgette Sari Mirror Work Marriage Wear Replica Sarees Wedding Casual Design Blouse BLUE,363.jpeg,saree everwey
Women's Plain Weave Pure Chiffon Saree With Blouse Piece (323 Perrot-LPK_Green),364.jpeg,saree foliarry
HAND BLOCK Printed Cotton Saree With Blouse Piece (MULTI-COLOUR_Free Size),365.jpeg,saree toshika
"Woven, Embellished, Self Design Banarasi Art Silk, Poly Silk Saree",366.jpeg,saree beuniv
Double 5MM Sequance Work in Double Stich,367.jpeg,saree shivoham fashion
"Women's Cotton Blend Minakari Dhakai Jamdani Saree (WB-15-0000163, Yellow)",368.jpeg,saree red saree
HANDLOOM Women Pure Cotton Bhagalpuri Linen Slub Saree (White_Mk-10),369.jpeg,saree za
Women's Cotton Saree With Blouse Piece,370.jpeg,saree morvi
Women Saree,371.jpeg,saree anni designer
Pink and Blue Kanchipuram Banarasi Silk Blend Woven Jacquard Saree for Women (Pink and Blue),372.jpeg,saree sunderani
Women Saree,373.jpeg,saree anni designer
Women's Cotton Silk Saree with Blouse Piece (GB219_Pink),374.jpeg,saree pinkloom
selly and belly woman summer wear daily casual saree light wiaght and air trancereble free size,375.jpeg,saree sky vision creation
Mustardnd Green color Pure georgette jacquard border bandhani saree (Palak Mustered Green),376.jpeg,saree sugathari
Madurai Maruthi OSP Sungudi sarees - SILVER Zari Self Long Border Collections - Peacock Border,377.jpeg,saree generic
for women linen Cotton white saree with golden zari border and running blouse piece white,378.jpeg,saree silk print
Women's Georgette Silk Printed Saree with Blouse Piece,379.jpeg,saree concepta
Shyamansh Fab Women's Hand Block Floral printed Handloom Fabric Linen Saree with Blouse Piece (Pink),380.jpeg,saree generic
Women's Woven Silk Sari With Blouse Piece,381.jpeg,saree desiwear
Women's Art Silk Foil Printed Saree with Blouse Piece (Black),382.jpeg,saree gosriki
Women's Jamdani Art Silk & Tussar Silk Saree With Blouse Piece (Women Saree Pari 1 Black Red_Black & Red),383.jpeg,saree shiya
Women's Nylon Net Saree With Unstiched Blouse Colors May Vary,384.jpeg,saree navarang fancy lace
Women's Linen Cotton Printed Saree With Blouse Piece (Pink),385.jpeg,saree anni designer
SHREE BHULAHI Art silk Saree for women's (Rama Color),386.jpeg,saree s.b.s
Razeena Collection Women's Tissui Silk Chek Saree (Silver_6 Yards),387.jpeg,saree generic
Women's Woven Pure Chiffon Saree With Blouse Piece,388.jpeg,saree akhilam
Women's Georgette Printed Jacquard Lace Border Work Saree With Blouse Piece(A38 MAHINDI_Multicolored_Free Size 6.30 Mtr),389.jpeg,saree rajeshwar fashion with rf
Women's & Girl's Woven Satin Silk Saree With Unstiched Blouse Piece,390.jpeg,saree lnc
Women Bhagalpuri Linen Saree With Blouse Piece (LN83_Yellow),391.jpeg,saree silk city shg
Women's Black Color Mysore Silk Printed Saree Border Tassels With Blouse Piece(LAVINA-BLACK_Free Size),392.jpeg,saree anni designer
Women's Polyester Saree With Blouse,393.jpeg,saree ahalyaa
Women's Linen Silver zari Border Saree (ATL53_01 ; Light Blue),394.jpeg,saree sahajanand
"Women's Kanjivaram Silk Cotton Saree,Olive & Rust Sari",395.jpeg,saree pisara
Women's Cotton Blend Madhubani Printed Saree with Blouse Piece,396.jpeg,saree sourbh
Women's Faux Georgette Saree With Blouse Piece,397.jpeg,saree sourbh
georgette with blouse piece Saree (Pack of 2) (COMBO_AS_1115_2_1164_1_ Multicoloured_ One Size),398.jpeg,saree anand sarees
Saree,399.jpeg,saree tantuja bengal handloom
Women Net Saree With Unstitched Blouse Piece (MC7044-Red_Red),400.jpeg,saree mahatma creation
Women's Glamourous Full All over Sequence/Sequin Saree with Art Silk Blouse Material,401.jpeg,saree clickedia
Women's Linen Saree With Blouse Piece,402.jpeg,saree maruti
Women's Premium Quality Art Silk Fully Hand Stitched Kantha Work Saree (Rust),403.jpeg,saree red saree
Women's Silk self design Saree[Turquoise],404.jpeg,saree aarrah
"Women's Linen Cotton Saree With Blouse Piece, Embroidery Design, Zari Border",405.jpeg,saree radiance star
"Woven, Checkered, Embroidered Banarasi Jacquard, Cotton Silk Saree",406.jpeg,saree selrina fashion
Women's Jaal Chiffon Saree With Blouse Piece (Saarvi_Multicolored),407.jpeg,saree saarvi
Womens Khadi Silk Saree (Yellow),408.jpeg,saree rensil
Women's Soft Linen Cotton Zari Woven Border Saree with Blouse Piece (SFNT_1045),409.jpeg,saree rajlaxmi
Women's Black Color Tussar Silk Checkered Printed Saree With Blouse Piece (SANATHI BLACK),410.jpeg,saree anni designer
INDIA SILK PWCS LTD Women Bhagalpuri Linen Saree With Blouse Piece (TISSUE5_Orange & Pink),411.jpeg,saree india silk pwcs ltd
Women's Cotton Silk Digital Floral Printed Traditional Saree With Blouse Piece (Beige And Orange)(MONNS4051),412.jpeg,saree monira
Women's Woven Art Silk Saree Without Blouse Piece,413.jpeg,saree ilkal saree
Women's Banarasi Soft Silk Saree With Blouse Piece,414.jpeg,saree kalkee fashion
Women's Banarasi Paithani Silk Saree With Blouse Piece(paithani-silk-yellow),415.jpeg,saree laavaan
Printed Daily Wear Georgette Saree,416.jpeg,saree anand
Women's Pure Georgette sequence saree with unstiched blouse piece,417.jpeg,saree likki
Ikat Hand Block Print Jaipuri Cotton Mulmul Saree with Blouse Piece for Women - Pink,418.jpeg,saree kiaaron
Women's Plain Weave Sana Silk Saree With Blouse Piece,419.jpeg,saree samudra collection
Women's Zari Embroidery Work Linen Cotton Sarees with Blouse Piece (Orange),420.jpeg,saree shailaja sarees
Women's Banarasi Art Silk Saree With Blouse Piece,421.jpeg,saree sansrukti clothings
Women's Handloom Cotton Saree (Pink),422.jpeg,saree morvi
FASHION Women's Soft Lichi Silk Jacquard Work Saree (Blue and Red),423.jpeg,saree mahakal
Women's Banarasi Cotton Silk Saree With Unstitched Blouse,424.jpeg,saree dwiza enterprise
Sarees For Women Blue Color Raw Silk Saree With Blouse Piece (SONAKSHI-BIG FLOWER_Free Size),425.jpeg,saree anni designer
Women's Banarasi Silk Saree With Blouse Piece,426.jpeg,saree ffashion
Women's Cotton Silk Saree with blouse peace,427.jpeg,saree tdc
Pure Cotton Handloom Saree,428.jpeg,saree woodentant
Women's Kanchipuram Silk Saree With Blouse Piece (200-HWT-MRN_Off White),429.jpeg,saree mimosa
Women's Cotton Silk Saree With Un-stitched Blouse,430.jpeg,saree vj fashion
Women's Plain Weave Georgette Saree With Unstitched Blouse Piece (SAT_2855181_Maroon),431.jpeg,saree mirraw
Women's Rani Pink Lycra Shapewear Saree Petticoat,432.jpeg,saree pkyc
"Woven Banarasi Art Silk, Poly Silk Saree",433.jpeg,saree vebnor
Women's Khadi Khadi Saree With Blouse Piece,434.jpeg,saree sourbh
Saree Art Silk Saree with Blouse Piece.,435.jpeg,saree vaividhyam
Anks Creation Women's Frill Border Malai Fabric Heavy Saree with Blouse Piece,436.jpeg,saree ac
Women's Net Butterfly Embroidered Saree (Baby Pink),437.jpeg,saree designer saree
Self Design Bollywood Lycra Blend Saree,438.jpeg,saree fab dadu
WOMEN'S LYCRA SAREE WITH BLOUSE PIECE,439.jpeg,saree jay ambey fabrics
Women's Georgette Saree With Printed Blouse Piece,440.jpeg,saree rajeshwar fashion with rf
3S STAR Women's Kanchipuram silk saree with pink blouse (Dark-green).,441.jpeg,saree generic
women's ethnic wear banarasi cotton silk blend saree. (NARMADAA),442.jpeg,saree satyam weaves
Women's Linen Saree With Blouse Piece (Padva6tVariation),443.jpeg,saree perfectblue
Pure Linen Silk Saree Plain Saree with Blouse Silk Sadi For Women Fashion With Border Designer Party Saree (Mehendi Green),444.jpeg,saree manisha silk weaves
Women's Woven Cotton Tant Saree without Blouse Piece (Blue),445.jpeg,saree aahiri
Women's Hand Block Printed Cotton Mulmul Saree Pompom less with Blouse Piece (Multicolor),446.jpeg,saree inaya
Women's Banarasi Silk Saree With Blouse Piece (Multicolor),447.jpeg,saree ethnic junction
Pink Banarasi Silk Blend Woven Jacquard Saree for Women,448.jpeg,saree sunderani
Women's Meena Borderless Soft Silk Saree With Blouse Piece_SAT,449.jpeg,saree generic
Pavechas Gadwal Printed Cotton Saree - White::Black,450.jpeg,saree pavecha's
POGO ART Embroidered Work organja digital print With Border work Saree With Blouse Piece.,451.jpeg,saree generic
"Women Crepe Silk Blend Saree With Blouse Piece (BANSILK2034, Brown)",452.jpeg,saree miraan
"Jainithish Collections Kota Silk Cotton Handloom Weaved Saree With Kuppadam Style(mango yellow,Dark navy blue) Saree with Alternative Golden jari And Thread Butta, Grand Rich pallu",453.jpeg,saree generic
Women's Paisley Woven Kanchipuram Art Silk Saree With Unstitched Blouse Piece,454.jpeg,saree rivana
Art Silk White Printed Women's Saree With Tassels,455.jpeg,saree ishin
Women's Cotton Blend Tropical Flowers Printed Saree with Blouse Piece,456.jpeg,saree sourbh
Women's Kanchipuram Raw Silk Saree With Contrast Blouse (4259-RP6-SALN-21-PNK_Pink),457.jpeg,saree kupinda
LAXMIPATI HUM-DUM LP-6481 Green Chiffon Bandhani SAREE BY SANSKAR SAREES,458.jpeg,saree laxmipati sarees
Women's Pure Cotton Saree with Blouse Piece (AV_239_Sea_Green),459.jpeg,saree yesasri designers
Women's Bhagalpuri Linen Saree With Running Blouse (SPL_87_Brown),460.jpeg,saree shoplex
Women's Navy Blue Art Silk Printed Saree With Blouse Piece (CHAKKAR NAVY_Free Size),461.jpeg,saree anni designer
Women's Jamdani Cotton Saree without Blouse Piece,462.jpeg,saree pinkloom
"Women's Bhagalpuri Linen Saree with Piping and Blouse (LN77, White Blue)",463.jpeg,saree silk city shg
"Paisley, Ombre, Graphic Print Bhagalpuri Silk Blend Saree",464.jpeg,saree anand
Women's Black Color Cotton Silk Solid Sarees with Blouse Piece,465.jpeg,saree buyonn
Kerala Kasavu double Set mundu,466.jpeg,saree jagasree collections
ANIK SAREE WOMEN'S WEAR HANDLOOM BEGAMPURI KHADI SAREE,467.jpeg,saree sarees
Women's Kanchipuram Art Silk Saree With Blouse Piece,468.jpeg,saree saravanabava silks
Women's Plain Weave Pure Cotton Saree With Unstiched Blouse Piece (CT-MUL-PCN-40_Multi),469.jpeg,saree new age
Women Jacquard Linen Saree With Blouse Piece (Angolla Big-03_Multicolored),470.jpeg,saree vastranand
Women's Banarasi Jacquard Lichi Silk Saree with Blouse Piece (Sky),471.jpeg,saree generic
Women's Multicolor Soft Weaving Silk With Dying Saree With Reach Pallu with Unstich Blouse Piece,472.jpeg,saree pujia mills
Women's Georgette Saree with Blouse Piece,473.jpeg,saree zahira
Geeta Handicrafts Women's Ikat Hand Block Print Jaipuri Cotton Mulmul Saree with Blouse Piece - Yellow,474.jpeg,saree generic
georgette with blouse piece Saree (Pack of 2) (COMBO_AS_1494_1262_2_ Multicoloured_ One Size),475.jpeg,saree anand sarees
Yellow lace border Georgette Saree with Blouse Piece(1635_1),476.jpeg,saree kashvi sarees
Fashion Women's Embroidery Work Pure Georgette MAROON Color Saree with Benglori Silk Fancy Blouse Piece(Prachi-2009 maroon),477.jpeg,saree lacossi
Aangel Green,478.jpeg,saree shino trend
Women's Jute Silk Saree with Blouse Piece (RUC-335-multicolor variation_Free Size),479.jpeg,saree bhakarwadi
Women's Designer saree in chiffon Fabric with gotta pitton butta work in Desginer Border,480.jpeg,saree neelghar
"Women's Ikat Hand Block Print Jaipuri Cotton Mulmul saree with Blouse piece, Red",481.jpeg,saree nikhilam
"Women's Net Saree with Blouse Piece (RASHI0832SSSR001T, Blue)",482.jpeg,saree aarrah
Self Design Fashion Cotton Blend Saree,483.jpeg,saree vj fashion
Women's Cotton Blend Lotus Shape Dots Prints Saree with Blouse Piece,484.jpeg,saree sourbh
Epic Saree Women Heavy Work Rajasthani Bandhani Saree,485.jpeg,saree generic
"Dutta Textile Women's Woven Handloom Pure Cotton Saree (011H67660/DT 03, Sky Blue)",486.jpeg,saree generic
Women Saree,487.jpeg,saree rani saahiba
"Jainithish Collections Kota Cotton Handloom Weaved Big Tissue Border Saree WIth Big Peacock Golden Jari Butta saree(Aqua Blue,Rose) Contrast Big Tissue Border And Golden Jari Pallu",488.jpeg,saree generic
Women's Woven Art Silk Saree With Blouse Piece,489.jpeg,saree nivah fashion
Women's Kanchipuram Pattu Sarees With Blouse Piece (D12_cream_off_white_maroon_pure),490.jpeg,saree c j enterprise
"Women's Georgette Embroidered Saree with Blouse Piece (CLR-3037, Multicolour)",491.jpeg,saree shaily retails
Women's Jacquard Poly Silk Saree With Blouse,492.jpeg,saree siril
Art D√©cor Women's Chanderi Blue Color Plain Saree With Blouse,493.jpeg,saree art decor sarees
Women's Woven Pure Georgette Saree With Blouse Piece (PR-GE-50 _Nude),494.jpeg,saree parishkaar tex
Women's Kerala Set Cotton Mundu without Blouse - Blue,495.jpeg,saree generic
Women's Bhagalpuri Silk Saree With Unstitched Blouse,496.jpeg,saree akhilam
Women's Georgette Printed Sarees With Jacquard Lace Border Work With Blouse,497.jpeg,saree rajeshwar fashion with rf
Women's Banarasi Pure Silk Saree With Blouse Piece (manjuba primium 1_Pink),498.jpeg,saree ekta textiles
Women's & Girl's Banarasi Georgette Saree With Unstitched Blouse Piece,499.jpeg,saree silverstar
Plain Cloth Pieces for Women's Blouse of Silk 1 Meter_H!,500.jpeg,blouse cotton colors
Women's Green Color Silk Based Zari and Kach Worked Blouse with Half Sleeve Sleeve and U-Neck Neck,501.jpeg,blouse linisa
Women's Stylish Gold Colour Readymade Strechable Blouse,502.jpeg,blouse bsc
Women's Lycra Half Sleeves Blouse,503.jpeg,blouse gogurl
"Cottons Unstitched Saree Blouse Fabric (Multicolor, Free Size) - Pack of 4, 1m Each -H36",504.jpeg,blouse cotton colors
Women's Cotton Silk Black Saree Blouse,505.jpeg,blouse fressia fabrics
Women's Navy Blue Jacquard Readymade Saree Blouse-SSB2995-NVBL,506.jpeg,blouse s salwar studio
Women's Copper Casual Stretchable Readymade Saree Blouse(SSB2523-COPR_ Size),507.jpeg,blouse s salwar studio
BLACK READYMADE 3/4 NET SLEEVES BLOUSE COMFORT FIT,508.jpeg,blouse desigirl
Shree Shakti CREATION'S Yellow Beautiful Blouse for Women Readymade,509.jpeg,blouse generic
"Women‚Äôs Chanderi Pure Silk Cotton Half Sleeves Readymade Saree Blouse with Neck Frills (Mehendi Green, Large)",510.jpeg,blouse shubhsarini collections
Women's Round Neck Design Embroidery and Sequins Work Stitch Readymade Blouse For Saree And Lehenga Choli(38+4 inch margin)(Green),511.jpeg,blouse mesmore
plain Wedding & Traditional look blouses for womwns,512.jpeg,blouse sparkle enterprise
Women's Silver Long Casual Stretchable Readymade Saree Blouse(SSB2535-SLVR_ Size),513.jpeg,blouse salwar studio
Women's Jacquard Tilak Pattern Unstitched Blouse Material with Heavy Zari Work Combo,514.jpeg,blouse style mafia
WIDEHAVEN Women's Dupion Silk Solid 3/4 Sleeve Readymade Saree Blouse Grey,515.jpeg,blouse widehaven fashion
Presents Women's Cotton Lycra Stretchable Readymade Blouse Maroon,516.jpeg,blouse riti riwaz
Round Neck Women Blouse,517.jpeg,blouse rene
Women's Black Color Mor Blouse Sleeves Embroidery Design for Choli Lehenga and Saree (Free Size),518.jpeg,blouse bawri fashion
Women's Cotton Sleevesless Blouse,519.jpeg,blouse abhi
Women's Cotton 3/4 Net Sleeves Golden Readymade Blouse with Inner for Saree & Lehenga,520.jpeg,blouse mooldhani
Chandana Brothers Kakinada Readymade Blouse with Embroider Chips Work Front Open,521.jpeg,blouse cbros
Women's Yellowv Color Heavy Embroidery Sequence Work Sleeves Phantom Silk Readymade Saree Blouse And Lehenga Choli (38+margin),522.jpeg,blouse sumairatex
Dupion Silk Embroidered Elbow Sleeves Princess Cut Padded Readymade Saree Blouse for Womens and Girls (R-542-NAVY_40_BU_V_Navy_40),523.jpeg,blouse biyu being with you
Women's Gold Art Silk Readymade Saree Blouse-SSB3132-GOLD,524.jpeg,blouse s salwar studio
Women's Band collar Cotton Lycra And Net Readymade Stretchable Blouse (D66_1_CLB_Multi-Coloured_Free Size),525.jpeg,blouse desimiss kart
Plain Cloth Pieces for Women's Blouse of Silk 1 Meter_H!,526.jpeg,blouse cotton colors
Women' s Gold Color Cotton Lycra Stretchable Stitched Blouse,527.jpeg,blouse bright collection
Blouse for Women Readymade Design Stretchable Black Color Short Sleeve,528.jpeg,blouse lady don
150-Gold Brocade Blouse,529.jpeg,blouse generic
"Cottons Unstitched Saree Blouse Fabric (Multicolor, Free Size) - Pack of 10, 1m Each -H23",530.jpeg,blouse cotton colors
Women's Solid Sleeveless Blouse,531.jpeg,blouse krishav enterprise
Women's Wear Satin Silk Grey Printed Stitched Blouse,532.jpeg,blouse haviya
Women's Multicolor Sequnce Work Front Back Flower Embroidery Design Phantom Silk Readymade Blouse Using Saree And Lehenga Choli(Navy-Blue),533.jpeg,blouse mesmore
"Unstitched Silk Blouse Piece Material Mobile Packing of 1, (100 cm)-DA35",534.jpeg,blouse cotton colors
Women's Multicolor Water Drop Back Neck Peacock Embroidery Stone Work Sleeves Design Phantom Silk Readymade Blouse for Saree and Lehenga Choli (38+ Margin) Red,535.jpeg,blouse wear affair
Women's Cotton Readymade Saree Blouse Stretchable Crop Top Choli Pack of 2,536.jpeg,blouse fressia fabrics
Round Neck Women Blouse,537.jpeg,blouse bindigasm's advi
Shimmer Non-Padded Round Neck Stretchable Blouse,538.jpeg,blouse muhenera
Women's jacquard pink Blouse With Rund Neck (BL-20028-pink) Free_Size,539.jpeg,blouse fab dadu
"Cottons Unstitched Saree Blouse Fabric (Multicolor, Free Size) - Pack of 5, 1m Each -(TRMR NO-AE139",540.jpeg,blouse cotton colors
Women's Saree Blouse,541.jpeg,blouse biyu being with you
Women's Polyester Cap Sleeve Readymade Saree Blouse,542.jpeg,blouse nd & r
Round Neck Women Blouse,543.jpeg,blouse mooldhani
"Readymade Padded Blouse for Women & Girl's (Malticolour, 28 to 34 Size) (Pack of 2)",544.jpeg,blouse lookstar
Stretchable Blouse 28 to 46 Size Cotton Lycra for Women (Pack of-3),545.jpeg,blouse life win
Women's Round Neck Embroidered Work Saree Blouse,546.jpeg,blouse z fab
Women's Net Bustier Saree Blouse,547.jpeg,blouse pretty girl
U-Neck Women Blouse,548.jpeg,blouse saara
styalish Mirror Blouse (Gold),549.jpeg,blouse yogeshwar creation
Women's Madras Checks Pure Cotton Saree Blouse With Pompom Edging,550.jpeg,blouse studio shringaar
Women's Silk Floral Half Sleeve Readymade Saree Blouse (rose blouse_White_38),551.jpeg,blouse pujia mills
Women's Green Color Front Open Sana Silk zari workeed Blouse with Short Sleeve and Boat Neck (STAT15GN),552.jpeg,blouse linisa
Chanderi Silk Hand Work Blouse,553.jpeg,blouse intrigue
Women's Cotton Round Neck Padded Saree Blouse|Free Size|Back Closure|Purple|Maroon|Gold,554.jpeg,blouse mart
Velvet Women's Readymade Plain Sleeveless Saree Blouse (Pack of 2-Maroon&Black),555.jpeg,blouse aaradhya enterprises
Diara Women Khadi Fabric Boutique Designer Formal and Casual Double Stitches Blouse- White and Green,556.jpeg,blouse generic
Women's Phantom Silk Mor Half Sleeve Saree Readymade Blouse (Mor Brown 1_Brown_38 Size),557.jpeg,blouse pujia mills
Women's Brocade and Georgette Round Neck Readymade Saree Blouse,558.jpeg,blouse lookline
Women's Golden Polyester Sleeveless Saree Blouse-Golden,559.jpeg,blouse gp collection
Stretchable Girl's & Women's Cotton Lycra Readymade Lace Net Blouse(Free Size : Color :Maroon-20),560.jpeg,blouse shreejiih
Women's Synthetic Blouse (Golden Sequence Work Blouse_Black_Free Size),561.jpeg,blouse women choice
Women's Black Neckless Neck Handwork Flower Embroidery Sequance Zari Work Phanto Silk Readymade Blouse For Saree and Lehenga Choli (38 + 4inch Margin),562.jpeg,blouse pooja creation
Women's Pink Phantom Silk Blouse With Round Neck (BL-20022-Pink)_Free Size,563.jpeg,blouse fab dadu
Womens Fancy Round Neck Cotton Back Full Zipper Elbow Designer Sleeves Princess Cut Padded Readymade Long Saree Blouse,564.jpeg,blouse r rinkoo
Stretchable Girl's & Women's Cotton Lycra Readymade Lace Net Blouse(Free Size : Color :Black-12),565.jpeg,blouse harikrupex
Women's Round Neck Cotton Lycra And Net Readymade Stretchable Blouse (D62_1_CLB_Multi-Coloured_Free Size),566.jpeg,blouse desimiss kart
"Cottons Unstitched Saree Blouse Fabric (Multicolor, Free Size) - Pack of 5, 1m Each -(TRMR NO-AE48",567.jpeg,blouse cotton colors
"Women/Girls Ethnic Unstitched Chanderi Cotton Jacquard Slightly Transparent Fabric/Cloth/Dress Material for Dress, Suit, Blouse etc. -I52",568.jpeg,blouse cotton colors
WIDEHAVEN Designer Readymade Blouse for Women and Girls |Handwork Back Neck Designs Readymade Blouse for Saree and Lehenga (Size 38+Margin)|Black,569.jpeg,blouse widehaven fashion
Women's Satin Silk Floral Print Readymade Blouse,570.jpeg,blouse yazu lifestyle
Women's Turquoise Color Front Open Sana Silk zari workeed Blouse with Short Sleeve and Boat Neck (STAT13TQ),571.jpeg,blouse linisa
Women's Black Dupion Silk Readymade Saree Blouse SSB2780-BLCK,572.jpeg,blouse s salwar studio
Swarna Designer Blouse,573.jpeg,blouse bindigasm's advi
Women's Embroidered Multi Phantom Silk Blouse With Round Neck (BL-20053)_Free_Size,574.jpeg,blouse amrutam fab
net Saree Blouse(SCFBLRD004_Black_Free Size),575.jpeg,blouse saheli collection
Embroidered Flower Round Neck Women's Saree's Blouses,576.jpeg,blouse spangel fashion
Women's Jacquard Stitched Elbow Sleeves Saree Blouse,577.jpeg,blouse ocean fashion
Women's White Ikkat Saree Blouse With Goodluck Fish Wooden Buttons,578.jpeg,blouse studio shringaar
Velvet Fabric Women Blouse (2074-BL-PURPLE02),579.jpeg,blouse louis fashion
Women's Polyester Elbow Length Sleeves Wedding Saree Blouse with Golden Embroidery,580.jpeg,blouse studio shringaar
WIDEHAVEN Women's Multicolor Thread Embroidery Handwork Zari Sequence Work Phantom Silk Readymade Blouse for Saree and Lehenga Choli Royal Blue,581.jpeg,blouse widehaven fashion
Women's Blue Color Front Open Silk Based zari Worked Blouse with Half Sleeve and Round Neck(STCW03BL),582.jpeg,blouse linisa
Women's Bamboo Silk Fabric Digital Print Blouse(Readymade),583.jpeg,blouse priyal designer
Stretchable Girl's & Women's Cotton Lycra Readymade Lace Net Blouse(Free Size : Color :Maroon-16),584.jpeg,blouse harikrupex
Women's Regular (Readymade Blouse_Multicolor Standard),585.jpeg,blouse pujia mills
Black Cotton Lycra Stretchable Readymade Free Size Saree Blouse for Women-SSB1729-BLCK-FS,586.jpeg,blouse salwar studio
Women's Sequence Embroidered Orange Silk Blouse With V-Neck (FD-BL-10001-Orange),587.jpeg,blouse fab dadu
U-Neck Women Blouse,588.jpeg,blouse sanmati creation
"Unstitched Silk Blouse Piece Material Mobile Packing 1 Meter, (100 cm)-DA11",589.jpeg,blouse cotton colors
Women's Denim Sleeve Saree Blouse for Wedding (38+4 inch margin),590.jpeg,blouse amiira
"Women's Stretchable Readymade Saree Blouse Crop Top Choli Pack of 2 Colour Black and Red Size 28"" to 36"" in",591.jpeg,blouse generic
Women's Blue Color Silk Based Zari and Kach Worked Blouse with Half Sleeve Sleeve and U-Neck Neck,592.jpeg,blouse linisa
stretchable blouse 28 to 46 size cotton lycra for women,593.jpeg,blouse life win
Women's Unstitched Blouse Material,594.jpeg,blouse meram fab
Fashion Stretchable Designer Blouse With Front Chain Half Sleevs - HC 03,595.jpeg,blouse himalay
Women's Multicolour Embroidery Handwork Back Neck Designs Readymade Blouse,596.jpeg,blouse generic
Women's Cotton Lycra Solid Elbow Sleeves Crop Top Saree Blouse (RR108N_BM_Orange_32-36),597.jpeg,blouse blockmoda
"Women's Brocade,Inner-Cotton Stiched Blouse (Black Pink,M)-PID29907",598.jpeg,blouse india mantra
Women's Plain Pure Cotton Stitched Blouse,599.jpeg,blouse janasya
Chandana Brothers Kakinada Readymade Blouse with Embroider Work and Front Open Type Red,600.jpeg,blouse cbros
Women's Gorgeous Phantom Silk Black Embroidered Stitch Blouse,601.jpeg,blouse bandidhari fashion
Readymade Stretchable Blouse for Women Cotton Lycra Red Color Navy Blue 28 to 36 Size,602.jpeg,blouse bolly lounge
"Women's Plain Stretchable Stitched Readymade Blouse (CDPL-GO-208, Blue, Free Size)",603.jpeg,blouse cdpl express
Women's Multicolor Neckless Neck Handwork Flower Embroidery Sequance Zari Work Phanto Silk Readymade Blouse For Saree and Lehenga Choli (Purple),604.jpeg,blouse mesmore
ENTERPRISE Women's Net & Tapeta Blouse,605.jpeg,blouse assure
Women's Denim Sleeve Saree Blouse with Round Neck,606.jpeg,blouse dresser
Boat Neck Ikkat and Kalamkari Green Blouse with Short Sleeves,607.jpeg,blouse master weaver
Premium Women's Cotton Lycra Stretchable Readymade Plain 3/4 Sleeve Saree Blouse(Combo of 4)(FP3-8-73-79),608.jpeg,blouse jelite
Stretchable Girl's & Women's Cotton Lycra Readymade Lace Net Blouse(Free Size : Color :Maroon-18),609.jpeg,blouse shreejiih
Sequin Silver Blouse,610.jpeg,blouse generic
Silk Embroidery Heavy Work Stitched Blouse For Woman,611.jpeg,blouse great woman
Stitched Readymade Women Blouse for Saree Black,612.jpeg,blouse generic
Women's Cotton Silk Saree Blouse (Golden),613.jpeg,blouse monikafashion
Premium Women's Cotton Lycra Stretchable Readymade Plain 3/4 Sleeve Saree Blouse(Combo of 4)(FP3-12-8-45),614.jpeg,blouse jelite
Women's Phantom Readymade Blouse (Free Size),615.jpeg,blouse stylish bella
"Readymade Padded Blouse for Women & Girl's (Malticolour, 28 to 34 Size) (Pack of 2)",616.jpeg,blouse lookstar
Kanta Creation Cotton Lycra Stretchable Readymade Red Colour Blouse Round Neck,617.jpeg,blouse generic
Women's Gold Dupion Silk Readymade Padded Saree Blouse(SSB2032_Gold_Size : 32-42),618.jpeg,blouse s salwar studio
Women's Phantom Silk Sequins Work Sleeveless Saree Readymade Blouse (Leheriya Blouse Variation),619.jpeg,blouse sumairatex
Dupion Silk Zari Embroidery Readymade Blouse,620.jpeg,blouse intrigue
Women's Silk Cap Sleeve Stitched Non-Padded Princess Cut Blouse,621.jpeg,blouse saptashri
Women's Cotton Round Neck Padded Saree Blouse|Free Size|Back Closure|Beige-1,622.jpeg,blouse mart
Women's Embroidered Green Phantom Silk Blouse With Round Neck (BL-102-Green)_Free_Size,623.jpeg,blouse shubh sanidhya
Women's Art Silk Readymade Saree Blouse Choli Mirchi Fashion Top,624.jpeg,blouse sourbh
Women's Rama Green Art Silk Readymade Saree Blouse-SSB3091-RMGR,625.jpeg,blouse s salwar studio
Premium Women's Cotton Lycra Stretchable Readymade Plain Saree Blouse(Combo of 3)(PB3-8-73),626.jpeg,blouse jelite
Louis Cotton Lycra Satin Fabric Women Solid Blouse (2070-BL-PINK03),627.jpeg,blouse louis fashion
Yellow & Black Kalamkari Hand Block Printed Cotton Casual Readymade Blouse,628.jpeg,blouse the weave traveller
Women's Cotton Self Design Sleeveless Readymade Saree Blouse (X-908.AS),629.jpeg,blouse vamas
Women's Silk Floral Half Sleeve Readymade Blouse,630.jpeg,blouse pujia mills
Banglori Silk Hand Work Readymade Saree Blouse,631.jpeg,blouse v.k.creation
Women's Brocade & Georgette Self Design Elbow Sleeves Readymade Saree Blouse (X-763),632.jpeg,blouse vamas
Sweetheart Neck Women Blouse,633.jpeg,blouse mahadevfab
Women's Brocade Short Sleeves Women's Saree Blouses,634.jpeg,blouse spangel fashion
Stretchable Blouse 28 to 46 Size Cotton Lycra for Women (Pack of-3),635.jpeg,blouse life win
Creation Women Solid Regular Cotton Lycra Blouse DARK PINK_(PV-SBLCW-DPK-P),636.jpeg,blouse pv
Women's Cotton Lycra Solid Cap Net Sleeve Crop Top Saree Blouse(RR052B_AU_Black_32-36),637.jpeg,blouse auriglam
Women's Brocade Blouse With All Asscesory of the Blouses Padded(Dyeble Black),638.jpeg,blouse a.r.sundaram fashion
Present Multicolor Gamthi(Hand Embroidery) Work Blouse,639.jpeg,blouse shreeji fashion
U-Neck Women Blouse,640.jpeg,blouse rene
Round Neck Women Blouse,641.jpeg,blouse abhi
Women's Shimmer Lace Sleeves Full Sleeves Stretchable Readymade Non-Padded Blouse,642.jpeg,blouse amaira
Women's Velvet Solid Sleeveless Readymade Saree Blouse (X-781NS),643.jpeg,blouse vamas
Cotton Stretch Lycra Round Neck Stretchable Readymade To Wear Saree Blouse With Short Sleeve,644.jpeg,blouse nikxtex
KULLU Jacket Nehru Jacket Reversal Both Side USABLE for Men ONE Side Grey Other Side KINGRY Black,645.jpeg,blouse aruna
Women's Gold Jacquard Readymade Saree Blouse-SSB2993-GOLD,646.jpeg,blouse s salwar studio
Blouse for Women Round Neck Phantom Silk Gold Kundan with Zari Work Embroidery Stitched,647.jpeg,blouse snowin
Trendz Women's Stiched Readymade Cotton Blouse Free Size (30 to 36),648.jpeg,blouse jivika
"Embroidery Work Blouse, Khatli Work Blouse, Back Net Sequence Blouse Readymade for Women",649.jpeg,blouse yazu lifestyle
"Orange 2by 2 Blouse: U Neck in Front&Back, Front Open with Hook Eye Option Stitched Blouse Without Lining&Padding. Unique Blouse Design That Suits Every Stylish Woman.",650.jpeg,blouse athreya
Velvet Women's Readymade Saree Blouse Pack of 2 Blouses(Pink & Purple),651.jpeg,blouse aaradhya enterprises
Women's Cotton Striped Elbow Sleeves Readymade Saree Blouse (X-918.ELB),652.jpeg,blouse vamas
Women's Cotton Stretchable Lycra Blouse,653.jpeg,blouse bolly lounge
Angel CollectionWomen's Soft Pure Nylon Readymade Blouse with Chiffli Embroidery Thread and Sequence Work,654.jpeg,blouse generic
AVR Luxe Plain Velvet Blouse Full Stitched up38inc.,655.jpeg,blouse generic
Women's Cotton Solid Short Sleeve Blouses With Blouse Piece (200 Black Chiku Grey_Black_X-Large),656.jpeg,blouse gogurl ‚äì you deserve the best
"Cottons Unstitched Saree Blouse Fabric (Multicolor, Free Size) - Pack of 15, 0.8m Each -HA52",657.jpeg,blouse cotton colors
"Readymade Padded Blouse for Women & Girl's (Malticolour, 28 to 34 Size) (Pack of 2)",658.jpeg,blouse lookstar
Women's Cotton Lycra Solid Elbow Sleeves Readymade Saree Blouse (A-67),659.jpeg,blouse vamas
WIDEHAVEN Women's Multicolor Thread Embroidery Handwork Zari Sequence Work Phantom Silk Readymade Blouse for Saree and Lehenga Choli Green,660.jpeg,blouse widehaven fashion
Women's Cotton Readymade Stretchable Blouse,661.jpeg,blouse sanmati creation
Women'S Satin Crepe Saree With Blouse Piece (Cream_Free Size ),662.jpeg,blouse applecreation
Presents Women's Cotton Lycra Stretchable Readymade Blouse,663.jpeg,blouse fabwomen
WIDEHAVEN Women's Multicolour Rose Flower Embroidery and Sequins Work Design Malbari Silk Readymade Blouse Saree for Lehenga Choli,664.jpeg,blouse widehaven fashion
Women's Dupion Silk Solid Cap Sleeve Saree Blouse,665.jpeg,blouse artena
Women's Round Neck Design Embroidery Phantom silk fabric Readymade Blouse (38 + 4inch Margin)(Rama),666.jpeg,blouse mesmore
Women's Regular (Bollywood Blouse_Multicolor 38),667.jpeg,blouse pujia mills
Round Neck Women Blouse,668.jpeg,blouse fabwomen
cottan Blouse (Multi),669.jpeg,blouse yogeshwar creation
Women's jacquard Black Blouse With Round Neck (BL-20048-Black)_Free_Size,670.jpeg,blouse fab dadu
Women's Multicolor Water Drop Back Neck Peacock Embroidery Stone Work Sleeves Design Phantom Silk Readymade Blouse for Saree and Lehenga Choli (38+ Margin) Royal Blue,671.jpeg,blouse wear affair
Shreya Ethnics Maggam Work Semi Pattu Blouse B-3; Maroon red,672.jpeg,blouse sye
Women's Raw Silk Cap Sleeve Saree Blouse,673.jpeg,blouse artena
Women's WearHeavy Zari and Resham Embroidery Work With Heavy Worked Blouse 4823,674.jpeg,blouse step n shop.com
Stretchable Blouse 28 to 46 Size Cotton Lycra for Women (Pack of-2),675.jpeg,blouse life win
Dupion Silk V-Neck Back-Open Blouse with Flared Sleeves,676.jpeg,blouse generic
Woman's Saree Velvet Sleeveless Blouse v Neck Readymade Colour Red,677.jpeg,blouse saini collections
Strech Velvet Non-Padded Round Neck Stretchable Blouse,678.jpeg,blouse muhenera
Brocade & Georgette Blouse,679.jpeg,blouse ocean fashion
"Cottons Unstitched Saree Blouse Fabric (Multicolor, Free Size) - Pack of 3, 1m Each -H90",680.jpeg,blouse cotton colors
Golden Women's Square Neck Sleeveless Readymade Blouse for Saree and Lehenga Choli (Size 38 + 4 inch Margin),681.jpeg,blouse kulu
Women's Cotton Solid Short Sleeve Readymade Blouse,682.jpeg,blouse cdpl express
Women's Embroidered Green Phantom Silk Blouse With Round Neck (BL-20055-Green)_Free_Size,683.jpeg,blouse fab dadu
Women's Regular (Bollywood Blouse_Multicolor 38),684.jpeg,blouse pujia mills
Women's Cotton Lycra Blend Stitched Blouse (Gold),685.jpeg,blouse mansi fashion
Round Neck Women Blouse,686.jpeg,blouse suvasana
Women's Embroidered Jacquard Blouse With Round Neck (BL-105)_Free_Size,687.jpeg,blouse fab dadu
Fashion Roots Readymade Cotton Lycra Stretchable Saree Blouse (Black),688.jpeg,blouse generic
Women's Georgette Sleevesless Blouse (Black Sequin Variation_Black_36),689.jpeg,blouse sumaira tex
Women' s Gold Color Cotton Lycra Stretchable Stitched Blouse,690.jpeg,blouse bright collection
Girl's & Women's Free Size Cotton Lycra Readymade Lace Net Half Sleeve Blouse,691.jpeg,blouse yoella
Women's Blouse Elbow Sleeve Koti (Shiny Beige),692.jpeg,blouse sourbh
Round Neck Women Blouse,693.jpeg,blouse vamas-the designer blouses
Boat Neck Ikkat and South Cotton Short Sleeves Blouse with Hand Embroidery Mirrors,694.jpeg,blouse master weaver
Women's Round Neck Design Hand Embroidery and Sequins Work Stitch Readymade Blouse for Saree and Lehenga Choli,695.jpeg,blouse varni enterprise
Women's Indigo Blue Pure Cotton Stitched Saree Blouse With Embroidered Elbow Length Sleeves,696.jpeg,blouse studio shringaar
Women's Stitched Padded Blouse ( 28 to 34 Size),697.jpeg,blouse lookstar
Women's Sajan Design Hand Embroidered Blouse.,698.jpeg,blouse gs
Stretchable Girl's & Women's Cotton Lycra Readymade Lace Net Blouse(Free Size : Color :Red-1),699.jpeg,blouse shreejiih
Pure Cotton Blue Jaipuri Block Printed Women‚Äôs Saree Blouse with Boat Neck and Elbow Length Sleeves (with Complimentary Face Mask),700.jpeg,blouse studio shringaar
Sweetheart Neck Women Blouse,701.jpeg,blouse rene
"Ethnic Women's Stitched Ready to wear Jaipur Printed Cotton Squareneck Blouse, Length 15 inch, Dusty Pink",702.jpeg,blouse scarlet thread
Women's Poly Cotton Jacquard Readymade Blouse,703.jpeg,blouse siril
Women's Red Cotton Lycra Blend Readymade Stretchable Saree Blouse-SSB3171-RED,704.jpeg,blouse s salwar studio
‚Ñ¢ Womens Cotton Lycra Stretchable Readymade Short Sleeve Lycra Saree Blouse/Readymade Designer Blouse For Women Ladies,705.jpeg,blouse bigmart
Memore Women's Maroon Heavy Phantom Silk Thread Zari Work And Real Mirror Hand Work Readymade Saree Blouse For Lehenga Choli (Size 38 + Margin) (Sleeves Attached Inside),706.jpeg,blouse mesmore
Women's Round Neck Heavy Embroidery Work Readymade Blouse for Saree and Lehenga (Size 38+4 inch Margin),707.jpeg,blouse gajanan fashion
Women's Silk Floral 3/4 Sleeve Readymade Blouse,708.jpeg,blouse pujia mills
Women's Pink Brocade Readymade Saree Blouse-SSB2889-PINK,709.jpeg,blouse s salwar studio
U-Neck Women Blouse,710.jpeg,blouse rene
Women's Phantom Silk Madhubala Flower Embroidery Sleeves Design Readymade Blouse For Saree and Lehenga Choli (38 + 4inch Margin)(Royal-Blue),711.jpeg,blouse pooja creation
Women's Sleeve Net Design Embroidered Phantom Silk Blouse With Round Neck Blouse (38 + 4inch Margin)(Chiku),712.jpeg,blouse pooja creation
Fressia Fabrics Women's Stretchable Readymade Saree Blouse Crop Top Choli 171,713.jpeg,blouse fressia fabrics
Women's Black Embroidered Stitched Halter Spagetti String Saree Blouse.,714.jpeg,blouse studio shringaar
Gold 3/4th Sleeves Blouse,715.jpeg,blouse bindigasm's advi
Kanta Creation Cotton Lycra Stretchable Readymade Black Colour Blouse Round Neck & Long Sleeve,716.jpeg,blouse generic
Women Malbari Stitched Sleeveless Free Size Traditional Blouse,717.jpeg,blouse jaketa
Fashion Women's Round Neck Cotton - Lycra Readymade Stretchable Blouse for Saree & Lehnga - Net Full Sleeve,718.jpeg,blouse himalay
Dupion Silk Sleeveless Princesss Cut Padded Readymade Saree Blouse for Women Girls,719.jpeg,blouse areum
"Cottons Unstitched Saree Blouse Fabric (Multicolor, Free Size) - Pack of 5, 1m Each -(TRMR NO-AE94",720.jpeg,blouse cotton colors
"Cottons Unstitched Saree Blouse Fabric (Multicolor, Free Size) - Pack of 5, 1m Each -(TRMR NO-AE38",721.jpeg,blouse cotton colors
Stitched Readymade Women Blouse for Saree Pink,722.jpeg,blouse generic
Women's Handwork Zari Work Readymade Blouse For Saree And Lehenga (Size 38+margin) (attach sleeves)(Gold),723.jpeg,blouse mesmore
Cotton Stretch Lycra Round Neck Stretchable Readymade To Wear Saree Blouse With Short Sleeve,724.jpeg,blouse nikxtex
Creation Women Solid Regular Cotton Lycra Blouse MEHENDI_(PV-SBL111-MHD-P),725.jpeg,blouse pv
Women's Pink Cotton Lycra Blend Readymade Stretchable Saree Blouse-SSB3170-PINK,726.jpeg,blouse s salwar studio
Women's Regular (Bollywood Blouse_Multicolor 38),727.jpeg,blouse pujia mills
Women's Handwork Round Front Back Neck Designs Readymade Blouse For Saree And Lehenga (Size 38+margin) (Royal Blue),728.jpeg,blouse mesmore
Stretchable Blouse for Women Readymade !! Cotton Saree Blouse Stretchable !! Stretchable Readymade Saree Blouse Crop Top Choli !! Stretchable Readymade Blouse,729.jpeg,blouse mandia fashions
BB Readymade 2by2 Blouse -Orange,730.jpeg,blouse generic
Women's Light_Pink Phantom Silk Blouse With Round Neck (BL-20022-Light_Pink)_Free Size,731.jpeg,blouse fab dadu
Fashion World 22 Trendy Fur Sequence Blouse for Girls and Women,732.jpeg,blouse generic
Women's Embroidered Off White Phantom Silk Blouse With Round Neck (BL-102-Off_White)_Free_Size,733.jpeg,blouse fab viva
"Readymade Padded Blouse for Women & Girl's (Malticolour, 28 to 34 Size) (Pack of 2)",734.jpeg,blouse lookstar
Full Fancy Women's Jacquard Blouse with U Neck Stitched Readymade Blouse for Saree and Lehenga Choli (32+4 inch Margin) (Grey),735.jpeg,blouse h l
Memore Women's Chiku Color Peacock Sleeves Design Heavy Work Readymade Blouse For Lehenga And Saree (Size 38+extra margin),736.jpeg,blouse mesmore
Premium Women's Cotton Lycra Stretchable Readymade Half Net Saree Blouse(Combo of 4)(HN3-8-77-79),737.jpeg,blouse jelite
Women's Polyester Cap Sleeve Readymade Saree Blouse,738.jpeg,blouse nd & r
Women's Cotton Stretchable Readymade Blouse - Fire,739.jpeg,blouse vami
Blouse has Handwork Thread and Coding Work (RED .),740.jpeg,blouse doresuza
"BB Women's Shiny Silk Cotton Readymade Blouse, Orange",741.jpeg,blouse generic
V-Neck Design Hand Embroidery Blouse for Women - Black,742.jpeg,blouse robyn rob
Round Neck Women Blouse,743.jpeg,blouse spiaty
Fashion Neck Women Blouse,744.jpeg,blouse radha collection
Women's Combo Multicolor Broad Neck Silk Sleeveless Readymade Blouse For Saree Blouse and Lehenga Choli,745.jpeg,blouse pujia mills
Women's Blue Ikat Pure Cotton Saree Blouse,746.jpeg,blouse studio shringaar
Women's Black Net Round Neck Readymade Saree Blouse,747.jpeg,blouse s salwar studio
Stretchable Girl's & Women's Cotton Lycra Readymade Lace Net Blouse(Free Size : Color :Beige-7),748.jpeg,blouse shreejiih
Women's Cotton Solid Half Sleeve Saree Blouse,749.jpeg,blouse tinsie
Fashion Neck Women Blouse,750.jpeg,blouse keerat fashion
Women's Shimmer Lace Work Stretchable Readymade Non-Padded Blouse,751.jpeg,blouse amaira
Women's Maroon Bottle V Shape Neck Design Multi Latkan Plain Satin Readymade Blouse For Saree And Lehenga (Size 38+4 inch margin) (attach sleeves),752.jpeg,blouse pooja creation
Women's Dupion Silk Sleeveless Saree Blouse,753.jpeg,blouse auriglam
Women' s Gold Color Cotton Lycra Stretchable Stitched Blouse,754.jpeg,blouse bright collection
"Multicolor Heavy Hand Embroidery Work Khatli Work,Heavy Sequence Work Phantom Silk Readymade Blouse",755.jpeg,blouse yazu lifestyle
Golden Brocade Designer Princess Cut Short Sleeves Padded Readymade Saree Blouse for Women & Girls (R122-RED_44_BU_V_Red),756.jpeg,blouse biyu being with you
Sweetheart Neck Women Blouse,757.jpeg,blouse nishtha creation
Women's Gold Shimmer Lycra Stretchable Readymade Saree Blouse-SSB2985-GOLD,758.jpeg,blouse salwar studio
Women's Cream Jacquard Readymade Saree Blouse-SSB3125-CREM,759.jpeg,blouse s salwar studio
Women's Cotton Silk Blouse(Red),760.jpeg,blouse rene
spham ALOFF exports for Cotton Lycra and Net Jequard Fabric with Stylish desine Readymade Blouse,761.jpeg,blouse soham
Premium Women's Cotton Lycra Stretchable Readymade Plain Saree Blouse(Combo of 3)(PB3-77-73),762.jpeg,blouse jelite
Women's Golden Polyester Sleeveless Saree Blouse,763.jpeg,blouse tilism
Women's Polyester Cap Sleeve Readymade Saree Blouse,764.jpeg,blouse nd & r
Women's Cotton Solid 3/4 Sleeve Readymade Saree Blouse,765.jpeg,blouse sanmati creation
Round Neck Women Blouse,766.jpeg,blouse mooldhani
Women's Cotton Readymade Blouse,767.jpeg,blouse jisb
Women's Cotton Readymade Saree Blouse Stretchable Crop Top Choli Pack of 2,768.jpeg,blouse fressia fabrics
Premium Women's Cotton Lycra Stretchable Readymade Plain Saree Blouse(Combo of 3)(PB3-92-47),769.jpeg,blouse jelite
Magenta 3/4th Sleeve Collar Neck Cotton Lycra Stretchable Readymade saree Blouse For Women,770.jpeg,blouse isha studio
WIDEHAVEN Designer Readymade Blouse for Women and Girls |Morpankh Embroidery Thread Stone Work Designs Readymade Blouse for Saree and Lehenga (Size 38+Margin)|Golden,771.jpeg,blouse widehaven fashion
Women's Black Color Silk Based Zari and Kach Worked Blouse with Half Sleeve Sleeve and U-Neck Neck,772.jpeg,blouse linisa
Women's Brocade & Georgette Self Design Short Sleeves Readymade Saree Blouse (X-892SL),773.jpeg,blouse vamas
Naz Enterprise Women's Velvet Color Block Half Sleeve Blouse,774.jpeg,blouse generic
Women's Black Net Readymade Saree Blouse-SSB3136-BLCK,775.jpeg,blouse s salwar studio
Raw Silk Blouse,776.jpeg,blouse generic
"Women/Girls Ethnic Unstitched Chanderi Cotton Jacquard Slightly Transparent Fabric/Cloth/Dress Material for Dress, Suit, Blouse etc. -I51",777.jpeg,blouse cotton colors
1057 Women Basic Sexy Solid Scoop Neck Slim Fit 3/4 Sleeve Crop Top,778.jpeg,blouse the blazze
Navy Blue 3/4th Sleeve Collar Neck Cotton Lycra Stretchable Readymade saree Blouse For Women,779.jpeg,blouse isha studio
UK3 Fashion Creation for TAFFATA Sequence Readymade Blouse for Women‚Äôs,780.jpeg,blouse generic
Women's Readymade Designer Blouse,781.jpeg,blouse generic
Women's Cotton Saree Blouse (118_Gold_X-Large),782.jpeg,blouse fressia fabrics
Woman's Sleeveless Blouse v Neck Readymade Colour Dark Maroon with Padded,783.jpeg,blouse saini collections
Women's Cotton Lycra Blouse with Zipper Closure typ Readymade Blouse,784.jpeg,blouse aloff exports
"GOGURL Women's Cotton Lycra Stretchable Saree Blouse (GO_315, Golden)",785.jpeg,blouse gogurl ‚äì you deserve the best
Women's Maroon Modal Silk Readymade Saree Blouse-SSB2944-MRON,786.jpeg,blouse salwar studio
Women's Jacquard Unstitched Blouse Material,787.jpeg,blouse meram fab
Premium Women's Cotton Lycra Stretchable Readymade Plain Saree Blouse(Combo of 3),788.jpeg,blouse jelite
"Ethnic Stitched Ready to wear Handloom South Cotton Highneck Blouse, Length 15 inch, Red",789.jpeg,blouse scarlet thread
Women's Gold Cotton Lycra Blend Readymade Stretchable Saree Blouse-SSB3191-GOLD,790.jpeg,blouse s salwar studio
Women's Pink Color Silk Based Fantam Fabric Blouse with Sleeveless Sleeve and Round Neck Neck,791.jpeg,blouse linisa
Vihu Women's Multicolor Peacock Embroidery Sleeves Design Mango Silk Readymade Blouse For Saree and Lehenga Choli,792.jpeg,blouse vihu fashion
Round Neck Women Blouse,793.jpeg,blouse nikxtex
"Ethnic Women's Stitched Ready to wear V Neck Bathik Printed Cotton Blouse, Length 15 inch, Mint Green",794.jpeg,blouse scarlet thread
"Jerrica Sales blouse for women navy blue stretchable cotton readymade saree Blouse (Free size,XL)",795.jpeg,blouse generic
Band collar Women Blouse,796.jpeg,blouse divastri
"Women's Bangalori Silk Embroidery Work Stitched Blouse (JO63, Golden, Free Size)",797.jpeg,blouse great woman
Women's Crimson Red Cotton Ikat Saree Blouse,798.jpeg,blouse studio shringaar
Women's Dark-Pink Neckless Neck Handwork Flower Embroidery Sequance Zari Work Phanto Silk Readymade Blouse For Saree and Lehenga Choli (38 + 4inch Margin),799.jpeg,blouse pooja creation
Women's Shimmer Lycra Stitched Readymade Strechable Saree Blouse For Women's,800.jpeg,blouse rjkart
Shree Shakti CREATION'S Nevy Blue Dolly Embroidery Work Blouse,801.jpeg,blouse generic
"Women's Stitched Tissue blouse, Gold",802.jpeg,blouse jisb
Women's Embroidered Phantom Silk Blouse With Round Neck Blouse (38 + 4inch Margin)(Peach),803.jpeg,blouse gomore fashion
"Unstiched Blouse Piece Material 2x2 (6 Piece, 100cm)",804.jpeg,blouse purplefly-spreading joy
Women's Cotton Embroidered 3/4 Sleeve Readymade Blouse,805.jpeg,blouse kayra creation
Women's Black Elephant Embroidered Saree Blouse,806.jpeg,blouse studio shringaar
Women's Green Jacquard Blouse With Round Neck (FD-BL-20014-Green),807.jpeg,blouse fab dadu
Women's Pink Flower Embroidery Sleeves Design Art Silk Readymade Blouse For Saree and Lehenga Choli (38 + 4inch Margin)(Pink),808.jpeg,blouse mesmore
Women's Brocade and Georgette Round Neck Blouse,809.jpeg,blouse hf holyday fashion
Women's Velvet Stretchable Blouse,810.jpeg,blouse dubai creation
Hrutvi's Selected Stretchable Blouse,811.jpeg,blouse generic
Premium Women's Cotton Lycra Stretchable Readymade Plain Saree Blouse(Combo of 3)(PB3-30-79),812.jpeg,blouse jelite
Women's Embroidery work Cotton Readymade Half Sleeve Saree blouse (Green; Free-Size),813.jpeg,blouse xomantic fashion
WIDEHAVEN Women's Multicolor Gold Embroidery Sequance Zari Work Readymade Saree Blouse and Lehenga Choli,814.jpeg,blouse widehaven fashion
Women's Embroidered Orange Phantom Silk Blouse With Round Neck (BL-20051-Orange)_Free_Size,815.jpeg,blouse fab dadu
Women's Multicolor Neckless Neck Handwork Flower Embroidery Sequance Zari Work Phanto Silk Readymade Blouse For Saree and Lehenga Choli (Red),816.jpeg,blouse mesmore
Women's Phantom Readymade Blouse (38 + 4inch Margin)(Pink),817.jpeg,blouse mesmore
WIDEHAVEN Women's Multicolor Floral Checks Back Design and Check Sleeves Embroidery Phantom Silk Readymade Blouse for Saree and Lehenga Choli,818.jpeg,blouse widehaven fashion
Silk Sleeveless Saree Blouse,819.jpeg,blouse femmibella
"Cottons Unstitched Saree Blouse Fabric (Multicolor, Free Size) - Pack of 6, 1m Each -HAS38",820.jpeg,blouse cotton colors
Cotton Hand Work Embriodered Blouse for Women (OW8A3231_48) Yellow,821.jpeg,blouse intrigue
Women's Orange Colour Round Front Back Heavy Stone Work and Keri Pattern Zari Work Readymade Blouse For Saree And Lehenga Choli (38+4 inch margin),822.jpeg,blouse pujia mills
Brocade Readymade Saree Blouse With Elbow Length Sleeves,823.jpeg,blouse studio shringaar
Women's Navy Blue Colour Deep Neck Silk Sleeveless Readymade Blouse For Saree and Lehenga Choli (Sleeves inside),824.jpeg,blouse pujia mills
Cotton Long cholis Saree Blouse (BL001-50PINK-B_Pink_Free Size),825.jpeg,blouse janasya
Women's Embroidered Phantom Silk Blouse With Round Neck Blouse (38 + 4inch Margin)(Black),826.jpeg,blouse gomore fashion
Embroidery Work Hand Cut Work Checks Sleeves Design Readymade Blouse for Saree and Lehenga Choli,827.jpeg,blouse yazu lifestyle
Blouse has Handwork Thread and Coding Work (.Purple),828.jpeg,blouse doresuza
Women's Green Color Silk Based Zari and Kach Worked Blouse with Half Sleeve Sleeve and U-Neck Neck,829.jpeg,blouse linisa
Lycra 3/4th Net Sleeves Princess Cut Padded Stretchable Readymade Saree Blouse for Womens and Girls (V-014-RED_32_BU_V_Red_32),830.jpeg,blouse biyu being with you
Women's Navy Blue Dupion Silk Readymade Padded Saree Blouse(SSB2025_Navy Blue_Size : 32-42),831.jpeg,blouse s salwar studio
Women's Round Neck Heavy Embroidery Work Readymade Blouse for Saree and Lehenga (Size 38+4 inch Margin),832.jpeg,blouse gajanan fashion
Women's Satin Silk Kalamkari Work Round Neck Readymade Saree Blouses,833.jpeg,blouse ocean fashion
WIDEHAVENFASHION Women's Phantom Silk Embroidered best Chain Blouse for Saree and Lehenga Choli (size 38 + 4 inch margin) (Black),834.jpeg,blouse generic
"Women‚Äôs Pochampally Ikat Cotton Fabric Half Sleeves Stand Collar Readymade Saree Blouse (Chandan Yellow,M-Medium)",835.jpeg,blouse shubhsarini collections
Banglori Sequins Short Sleeve Blouse,836.jpeg,blouse generic
Women's Multicolor Heavy Sequins Zardosi Work Sleeves Design Phantom Silk Readymade Blouse For Saree and Lehenga Choli,837.jpeg,blouse pujia mills
Women's Yellow Color Front Open Silk Based zari Worked Blouse with Half Sleeve Sleeve and Round Neck,838.jpeg,blouse linisa
"Gk The seller Combo Pack of Handmade Readymade Designer Blouse with Golden Lash for Women,Girl - Pack of 5",839.jpeg,blouse generic
UK3 Fashion Creation for Velvet Embroidery Readymade Blouse for Women‚Äôs,840.jpeg,blouse generic
Kanta Creation Fabric : Phantom Silk Designer Readymade Blouse Neck Design : Round Shape Size: 28 to 36 | Colour : Black & Maroon,841.jpeg,blouse generic
Cotton Lycra Women‚Äôs Readymade Stretchable Blouse,842.jpeg,blouse red lady
Women's Gold Silk Blend Readymade Saree Blouse-SSB2843-GOLD-FS,843.jpeg,blouse s salwar studio
Roopaima tex Multi color Jacquard untitched blouse material,844.jpeg,blouse generic
Women's Banglori Silk Printed Half Sleeves Saree Blouse(00425-690_34_BM_Beige_34),845.jpeg,blouse blockmoda
Women's Readymade Blouse for Saree & Lehenga Choli (Size 38 + 4 inch Margin),846.jpeg,blouse kulu
Women's Cotton & Lycra Floral 3/4 Sleeve Stitched Blouse,847.jpeg,blouse caramel blue
Women's Printed Beige Jacquard Blouse With Round Neck (BL-20057-Beige)_Free_Size,848.jpeg,blouse fab dadu
"Unstitched Silk Blouse Piece Material Mobile Packing 1 Meter, (100 cm)-D73",849.jpeg,blouse cotton colors
Premium Women's Cotton Lycra Stretchable Readymade 3/4 Net Sleeve Saree Blouse,850.jpeg,blouse jelite
Women's Velvet Readymade saree Blouse (Maroon),851.jpeg,blouse aaradhya enterprises
Premium Women's Cotton Lycra Stretchable Readymade 3/4 Net Sleeve Saree Blouse,852.jpeg,blouse jelite
"Stitched Embroidery Blouse (Sky Blue, XL)",853.jpeg,blouse destiny
Women's Grey Color Front Open Silk Based zari Worked Blouse with Half Sleeve Sleeve and Round Neck,854.jpeg,blouse linisa
Plain Cloth Pieces for Women's Blouse of Silk 1 Meter_H!,855.jpeg,blouse cotton colors
Women's Jacquard Multi Color Blouse with Round Neck Free_Size,856.jpeg,blouse amrutam fab
Women's Embroidered Phantom Silk Blouse With Round Neck (BL-20036)_Free_Size,857.jpeg,blouse fab dadu
Women' s Gold Color Cotton Lycra Stretchable Stitched Blouse,858.jpeg,blouse bright collection
Priyannsh Creation Present Cotton Blend Fabric Blouse for Woman's,859.jpeg,blouse priyansh creation
"Ethnic Women's Stitched Ready to wear Embroidered Pure Tussar Silk Backopen Boatneck Blouse with Puff Sleeves, Length 15 inch, Black",860.jpeg,blouse scarlet thread
Golden Short Sleeves Hand Work Blouse,861.jpeg,blouse sat sahib
Women's Cotton Stretchable Blouse,862.jpeg,blouse jkg
Creation Women Solid Regular Cotton Lycra Blouse (PV-SBL110-ONG-P),863.jpeg,blouse pv
Kanta Creation Fabric : Phantom Silk Designer Readymade Blouse Neck Design : Round Shape Size: 28 to 36 Colour : Maroon,864.jpeg,blouse generic
Green Colour Peacock Sleeves Design Embroidery Multicolour Thread Work Silk Readymade Blouse For Saree and Lehenga Choli,865.jpeg,blouse mesmore
Women's Printed Black Jacquard Blouse With Round Neck (BL-20057-Black)_Free_Size,866.jpeg,blouse fab dadu
Women's Satin Silk & Cotton Kalamkari Half Sleeve Saree Blouse,867.jpeg,blouse spangel fashion
Women's Lycra Cap Sleeve Readymade Saree Blouse,868.jpeg,blouse r rinkoo
Premium Women's Cotton Lycra Stretchable Readymade 3/4 Net Sleeve Saree Blouse,869.jpeg,blouse jelite
Premium Women's Cotton Lycra Stretchable Readymade Plain Saree Blouse(Combo of 3)(PB3-45-79),870.jpeg,blouse jelite
Women's Blue Phantom Blouse With Round Neck (FD-BL-20019-Blue),871.jpeg,blouse fab dadu
Women's Lycra Solid Stretchable Readymade Non-Padded Blouse (Gold),872.jpeg,blouse amaira
Premium Women's Cotton Lycra Stretchable Readymade Half Net Saree Blouse(Combo of 4)(HN3-8-30-45),873.jpeg,blouse jelite
Women's Cotton Lycra blouse for women Readymade stylish,874.jpeg,blouse tinsie
Women's Handwork Zari Work Readymade Blouse For Saree And Lehenga (Size 38+margin) (attach sleeves)(Red),875.jpeg,blouse mesmore
Women's Sajan Design Readymade Phantom Silk Blouse,876.jpeg,blouse rutva enterprise
Women's Silver Brocade Sleeveless Saree Blouse,877.jpeg,blouse studio shringaar
Lionize Women's Lycra Round Neck 3/4th Sleeves Stretchable Readymade Blouse,878.jpeg,blouse lionize
Women's Gold Art Silk Readymade Saree Blouse-SSB3065-GOLD,879.jpeg,blouse s salwar studio
WIDEHAVEN Women's Round Neck Front Back Floral Embroidery and Handwork Gold Thread Silk Readymade Blouse for Saree and Lehenga Choli (Size=38),880.jpeg,blouse widehaven fashion
"Cottons Unstitched Saree Blouse Fabric (Multicolor, Free Size) - Pack of 5, 1m Each -(TRMR NO-AE148",881.jpeg,blouse cotton colors
Gold Collar Half Sleeves Blouse,882.jpeg,blouse bindigasm's advi
Women's Silk Back Closure Readymade Padded Blouse,883.jpeg,blouse linfa
"Women's Brocade,Inner-Cotton Stiched Blouse (Purple,M)-PID29908",884.jpeg,blouse india mantra
Round Neck Women Blouse,885.jpeg,blouse yoella
Magic Collection Women's Cotton Silk Readymade Fully Stitched Ram Blouse,886.jpeg,blouse magic stones
Women's Maroon Cotton Stitched Blouse,887.jpeg,blouse janasya
Women's Stitched Elbow Sleeve Saree Blouse,888.jpeg,blouse ocean fashion
Women's Red Embroidered Saree Blouse.,889.jpeg,blouse studio shringaar
ÔøΩWomen's Baby pink Colour Floral Checks Back Design and Check Sleeves Embroidery Silk Readymade Blouse For Saree and Lehenga Choli,890.jpeg,blouse mesmore
Traditional Readymade Saree Blouse RED,891.jpeg,blouse fab 2 fashion
U-Neck Women Blouse,892.jpeg,blouse saara
Designer Lycra Blause For Women(Red & Gold),893.jpeg,blouse sp enterprise
Women's Round Neck Design Hand Embroidery and Sequins Work Stitch Readymade Blouse for Saree and Lahenga Choli(38+4 inch Margin),894.jpeg,blouse flossy
Women's Lyrca Solid Short Sleeve Blouse,895.jpeg,blouse rb creation
Brand Women's & Girl's Jacquard Short Sleeves Blouse,896.jpeg,blouse generic brand
Women's jacquard Blouse With Boat Neck (FD-BL-20005-Blue),897.jpeg,blouse fab dadu
Women's Silk Half Sleeve Saree Blouse,898.jpeg,blouse blockmoda
Women's Multicolor Sequence Gold Embroidery Thread Work Heavy Dupion Silk Readymade Blouse Saree and Lehenga Choli,899.jpeg,blouse vihu fashion
Round Neck Women Blouse,900.jpeg,blouse xomantic fashion
Women's Peacock Design Embridery Work with Stone Multicolor Readymade Blouse (38+4inch Margin),901.jpeg,blouse kayra creation
Premium Women's Cotton Lycra Stretchable Readymade Plain 3/4 Sleeve Saree Blouse(Combo of 4)(FP3-8-77-79),902.jpeg,blouse jelite
Women's Phantom Silk Flower Embroidery Sleeves Design Readymade Blouse(38 + 4inch Margin)(Peach),903.jpeg,blouse pooja creation
Women's Cotton Lycra Solid 3/4 Sleeves Blouse,904.jpeg,blouse caramel blue
Women's Regular (Bollywood Blouse_Multicolor 38),905.jpeg,blouse pujia mills
Women's Cotton Blouse(Maroon_34),906.jpeg,blouse abhi
Women's Golden Moti Design Readymade Phantom Silk Blouse,907.jpeg,blouse rutva enterprise
Raw Silk Blouse,908.jpeg,blouse nishtha creation
Women's Purple Brocade Readymade Saree Blouse-SSB2886-PRPL,909.jpeg,blouse s salwar studio
"Women's Cotton Stretchable Saree Blouse Crop Top Choli (Orange, Free Size)",910.jpeg,blouse fressia fabrics
Women's Rich Golden Brocade Sleeveless Readymade Saree Blouse,911.jpeg,blouse madhu fashion
Women's Regular (Readymade Blouse_Multicolor Standard),912.jpeg,blouse pujia mills
Women's Red Velvet Readymade Saree Blouse-SSB2968-RED,913.jpeg,blouse s salwar studio
"Women's Brocade,Inner-Cotton Stiched Blouse (Marun,M)-PID29904",914.jpeg,blouse india mantra
Women's Silk Solid Sleeveless Saree Blouse,915.jpeg,blouse blockmoda
Women's Phantom Silk Embroidered Chain Blouse for Saree and Lehenga Choli (size 38 + 4 inch margin) (Maroon),916.jpeg,blouse mesmore
Women's Cotton Lycra Stretchable Readymade Round Neck Blouse for Silk Sari,917.jpeg,blouse yagnaseni
Chanderi Silk Hand Work Embellished Blouse for Women (OW8A6518_34) Blue,918.jpeg,blouse intrigue
Round Neck Women Blouse,919.jpeg,blouse vamas-the designer blouses
Printed Round Neck Readymade Saree Blouse For Women's,920.jpeg,blouse ocean fashion
Women's Navy Blue Velvet Readymade Saree Blouse-SSB2892-NVBL,921.jpeg,blouse s salwar studio
"Unstitched Silk Blouse Piece Material Mobile Packing 1 Meter, (100 cm)-D118",922.jpeg,blouse cotton colors
Women‚Äôs Designer Artificial Raw Silk Long Crop Top V Neck Padded Readymade Blouse,923.jpeg,blouse rang pahel
Readymade Velvet Blouse for Women,924.jpeg,blouse intrigue
Mango Silk Embroidery Coding Work & Diamond Handwork Readymade Blouse(38+4Inch Margin),925.jpeg,blouse bieth
Five Star Fabric Blouse for Women Readymade,926.jpeg,blouse generic
Women's Brocade Self Design Cap Sleeve Saree Blouse(JB019-BLUE_36_AU_Blue_36),927.jpeg,blouse auriglam
Women's Floral Design Hand Embroidery Gold Thread Blouse with Stone Work.,928.jpeg,blouse swami
Womens Cotton Lycra Strechable Readymade Designer Ladies Saree Blouse Pack Of 5 (Multicolour_2XL),929.jpeg,blouse rjkart
Women's Cotton Lycra Readymade Saree Blouse Black,930.jpeg,blouse pink dolfin
Women's WearHeavy Zari and Resham Embroidery Work With Heavy Worked Blouse 4823,931.jpeg,blouse step n shop.com
Round Neck Cotton Lycra Women 3/4th sleeve Blouse,932.jpeg,blouse nikxtex
SEQUINS BROAD BACK CUT DHORI SLEEVELESS PADDED BLOUSE,933.jpeg,blouse glamourholic
Stretchable Blouse 28 to 46 Size Cotton Lycra for Women,934.jpeg,blouse priyal designer
women's cotton lycra stretchable short sleeve blouse readymade,935.jpeg,blouse lady don
Blouse Readymade Designer Party Piece Size 38 Accessories for Women,936.jpeg,blouse generic
Maa Creation - Women's Cotton Print with Boat Neck Readymade Blouse Black,937.jpeg,blouse generic
Women's Banglori Silk Solid Short Sleeve Stitched Blouse,938.jpeg,blouse ethnic yard
Women's Maroon Brocade Blouse With Collar Neck (FD-BL-20015-Maroon),939.jpeg,blouse fab dadu
Shree Shakti CEATION'S RED Elephant Embroidery Work Blouse,940.jpeg,blouse generic
"Women's Cotton Lycra Stretchable Stitched Blouse (Grey, Free Size)",941.jpeg,blouse fabwomen
Women's Cotton Lycra Matty Stitched Readymade Blouse,942.jpeg,blouse aloff exports
V-Neck Women Blouse,943.jpeg,blouse fab dadu
WIDEHAVEN Women's Silk Embroidery Designer Half Sleeve Readymade Blouse,944.jpeg,blouse widehaven fashion
Women's White Knitted Cotton Lycra Readymade Stretchable Saree Blouse-SSB3199-WHTE-FS,945.jpeg,blouse s salwar studio
Women's Polyester Cap Sleeve Readymade Saree Blouse,946.jpeg,blouse nd & r
Premium Women's Cotton Lycra Stretchable Readymade Plain Saree Blouse(Combo of 4)(PB3-8-20-73),947.jpeg,blouse jelite
Women's Velvet Floral Long Sleeve Blouse,948.jpeg,blouse drapme
Women's Cotton Lycra Solid Sleeveless Crop Top Saree Blouse(RR074B_AU_Red_32-36),949.jpeg,blouse auriglam
Women's mehendi-green Strech Velvet Non-Padded Stretchable Readymade Saree Blouse(SSB1806-MHGR_Mehendi-Green_M To XL),950.jpeg,blouse salwar studio
"Women's Cotton Lycra Readymade Stretchable Fully Stitched 3/4 Net Sleeves with Frill Pattern Blouse-Choli for Saree, Lehenga, Crop Top",951.jpeg,blouse mooldhani
Cotton Silk Blend Gold Color Unstitched Blouse Materials .1 Meters Each {Pack of 10 Pieces},952.jpeg,blouse a cottons
WIDEHAVEN Women's Multicolor Peacock Hevy Handwork Embroidey Sleeves Work Phantom Silk Readymade Blouse for Saree,953.jpeg,blouse widehaven fashion
Round Neck Women Blouse,954.jpeg,blouse abhi
Women's Embroidered Silk Blouse With Round Neck (BL-114)_Free_Size,955.jpeg,blouse amrutam fab
Premium Women's Cotton Lycra Stretchable Readymade 3/4 Net Sleeve Saree Blouse,956.jpeg,blouse jelite
Women's Pink Color Silk Based Zari Worked Blouse with Sleeveless Sleeve and Boat Neck Neck,957.jpeg,blouse linisa
Cotton Lycra Stretchable Readymade To Wear Saree Blouse With Short Sleeve,958.jpeg,blouse nikxtex
Women‚Äôs Ilkal Cotton Silk Khun Fabric Half Sleeves Readymade Saree Blouse ‚Äì Pinkish Maroon (L-Large),959.jpeg,blouse shubhsarini collections
Women's Cotton and Polyester Padded Blouse (GG-BL-0002_Black_Free Size),960.jpeg,blouse golden girl
"Women's Silk Embroidery Handwork Designs and Stone Work Readymade 3/4 Sleeve Blouse for Saree and Lehenga Choli (Size 38+margin), Rani",961.jpeg,blouse pujia mills
Eesha Gupta Designer Golden Holland Blouse for Women (269-GOLD_XL),962.jpeg,blouse eeshagupta
BULBUL multicoloured silk stylish readymade with pad blouse,963.jpeg,blouse generic
Brocade & Georgette Blouse,964.jpeg,blouse generic
Women's Band Collar Cotton Lycra Readymade Stretchable Blouse,965.jpeg,blouse hitarth fashion
Round Neck Women Blouse,966.jpeg,blouse mooldhani
Women's Turquoise Color Silk Based Zari and Kach Worked Blouse with Half Sleeve Sleeve and U-Neck Neck,967.jpeg,blouse linisa
Women's Pink Color Front Open Silk Based zari Worked Blouse with Half Sleeve and Round Neck(STCW03MG),968.jpeg,blouse linisa
Women's Blouse,969.jpeg,blouse arrow fashion
Red Saree Blouse With Embroidered Sleeves,970.jpeg,blouse studio shringaar
Women's Embroidered Phantom Silk Blouse With Round Neck (BL-101)_Free_Size,971.jpeg,blouse shubh sanidhya
Women's Multicolor Combo Blouse Readymade Sleeveless Phantom Silk Saree Blouse for Lehenga Choli,972.jpeg,blouse bawri fashion
Women's Stretchable Readymade Saree Blouse Crop Top Choli pack of 2,973.jpeg,blouse fressia fabrics
"Unstitched Silk Blouse Piece Material Mobile Packing 1 Meter, (100 cm)-DA47",974.jpeg,blouse cotton colors
Cotton Princess Cut Saree Blouse,975.jpeg,blouse biyu being with you
Women' Yellow Silk Blouse With Round Neck (FD-BL-20009-Yellow),976.jpeg,blouse fab dadu
Velvet Sequence Elbow Length Sleeve Designer Readymade Blouse,977.jpeg,blouse generic
Women's Stretchable Readymade Saree Blouse Crop Top Choli Pack of 3|Readymade||Stretchable||Festive collection,978.jpeg,blouse fressia fabrics
Premium Women's Cotton Lycra Stretchable Readymade 3/4 Net Sleeve Saree Blouse,979.jpeg,blouse jelite
Dupion Silk High Neck Short Sleevess Princesss Cut Padded Readymade Saree Blouse for Women Girls,980.jpeg,blouse artena
Angel Collection Women's Stretchable Designer Printed Lycra Dot Readymade Blouse for Women,981.jpeg,blouse generic
"Satin Silk Embroidered Work Readymade Saree Blouse (Black,40)",982.jpeg,blouse stylehut
Green Dupion Dobby Blouse (D-005377A),983.jpeg,blouse rene
Women's Poly Cotton Readymade Blouse,984.jpeg,blouse jisb
krishnvatika Stretchable Solid Lycra Cotton Blouse Frill Sleeve,985.jpeg,blouse generic
"Ethnic Stitched Ready to wear Foil Printed Slub Cotton Boatneck Blouse, Length 15 inch, Navy Blue",986.jpeg,blouse scarlet thread
Llajja Handmade Women's Cotton Saree Blouse,987.jpeg,blouse generic
Women's Dupion Silk Solid Cap Sleeve Saree Blouse(,988.jpeg,blouse auriglam
Black Sequence Blouse for Saree & Lehenga,989.jpeg,blouse fashionbonanzamart
Women's Parrot Green Jacquard Readymade Saree Blouse-SSB3072-PRGR,990.jpeg,blouse s salwar studio
Women's Full Sleeve Blouse,991.jpeg,blouse mahi creation
WIDEHAVEN Women's Multicolor Thread Embroidery Handwork Zari Sequence Work Phantom Silk Readymade Blouse for Saree and Lehenga Choli Black,992.jpeg,blouse widehaven fashion
Women's Multicolor Combo Blouse Readymade Sillk Saree Blouse,993.jpeg,blouse pujia mills
Women's Saree Blouse,994.jpeg,blouse fressia fabrics
"GOGURL Women's Lycra Cotton Stretchable Stitched Blouse (Black, Red, Maroon, X-Large)-Set of 3",995.jpeg,blouse gogurl ‚äì you deserve the best
Women's Multicolour Sweet Heart Neckline Stone Work Phantom Silk Sleeveless Readymade Blouse for Saree and Lehenga Choli,996.jpeg,blouse sumairatex
Round Neck Women Blouse,997.jpeg,blouse mooldhani
Women's Navy Blue Phantom Blouse With Round Neck (FD-BL-20019-Navy_Blue),998.jpeg,blouse fab dadu
Black Pure Cotton Handloom Back-Open Blouse With Bell Sleeve,999.jpeg,blouse generic